{
  "custom": {},
  "params": {
    "Acces": "Ville - Exploitant",
    "Security": false,
    "database": "Ignition",
    "site": "Site"
  },
  "propConfig": {
    "params.Acces": {
      "paramDirection": "input",
      "persistent": true
    },
    "params.Security": {
      "paramDirection": "input",
      "persistent": true
    },
    "params.database": {
      "paramDirection": "input",
      "persistent": true
    },
    "params.site": {
      "paramDirection": "input",
      "persistent": true
    }
  },
  "props": {
    "defaultSize": {
      "height": 630
    }
  },
  "root": {
    "children": [
      {
        "meta": {
          "name": "Dates"
        },
        "position": {
          "height": 0.6699,
          "width": 0.9275,
          "x": 0.0187,
          "y": 0.0222
        },
        "propConfig": {
          "props.data": {
            "binding": {
              "config": {
                "expression": "runScript(\r\n\t\"Planning.Perspective.Exceptions.get_all_exception_dates\",\r\n\t1000,\r\n\t{view.params.database},\r\n\t{view.params.site},\r\n\t\u00272022-01-15\u0027\r\n)"
              },
              "type": "expr"
            }
          }
        },
        "props": {
          "cells": {
            "allowEditOn": "long-press"
          },
          "columns": [
            {
              "align": "center",
              "boolean": "checkbox",
              "dateFormat": "MM/DD/YYYY",
              "editable": false,
              "field": "start_date",
              "footer": {
                "align": "center",
                "justify": "left",
                "style": {
                  "classes": ""
                },
                "title": ""
              },
              "header": {
                "align": "center",
                "justify": "center",
                "style": {
                  "classes": "",
                  "fontWeight": "bold"
                },
                "title": "Commence le"
              },
              "justify": "center",
              "number": "value",
              "numberFormat": "0,0.##",
              "progressBar": {
                "bar": {
                  "color": "",
                  "style": {
                    "classes": ""
                  }
                },
                "max": 100,
                "min": 0,
                "track": {
                  "color": "",
                  "style": {
                    "classes": ""
                  }
                },
                "value": {
                  "enabled": true,
                  "format": "0,0.##",
                  "justify": "center",
                  "style": {
                    "classes": ""
                  }
                }
              },
              "render": "auto",
              "resizable": false,
              "sort": "none",
              "sortable": false,
              "strictWidth": false,
              "style": {
                "classes": ""
              },
              "toggleSwitch": {
                "color": {
                  "selected": "",
                  "unselected": ""
                }
              },
              "viewParams": {},
              "viewPath": "",
              "visible": true,
              "width": ""
            },
            {
              "align": "center",
              "boolean": "checkbox",
              "dateFormat": "MM/DD/YYYY",
              "editable": false,
              "field": "end_date",
              "footer": {
                "align": "center",
                "justify": "left",
                "style": {
                  "classes": ""
                },
                "title": ""
              },
              "header": {
                "align": "center",
                "justify": "center",
                "style": {
                  "classes": "",
                  "fontWeight": "bold"
                },
                "title": "Termine le"
              },
              "justify": "center",
              "number": "value",
              "numberFormat": "0,0.##",
              "progressBar": {
                "bar": {
                  "color": "",
                  "style": {
                    "classes": ""
                  }
                },
                "max": 100,
                "min": 0,
                "track": {
                  "color": "",
                  "style": {
                    "classes": ""
                  }
                },
                "value": {
                  "enabled": true,
                  "format": "0,0.##",
                  "justify": "center",
                  "style": {
                    "classes": ""
                  }
                }
              },
              "render": "auto",
              "resizable": false,
              "sort": "none",
              "sortable": false,
              "strictWidth": false,
              "style": {
                "classes": ""
              },
              "toggleSwitch": {
                "color": {
                  "selected": "",
                  "unselected": ""
                }
              },
              "viewParams": {},
              "viewPath": "",
              "visible": true,
              "width": ""
            },
            {
              "align": "center",
              "boolean": "checkbox",
              "dateFormat": "MM/DD/YYYY",
              "editable": false,
              "field": "comment",
              "footer": {
                "align": "center",
                "justify": "left",
                "style": {
                  "classes": ""
                },
                "title": ""
              },
              "header": {
                "align": "center",
                "justify": "center",
                "style": {
                  "classes": "",
                  "fontWeight": "bold"
                },
                "title": "Commentaire"
              },
              "justify": "center",
              "number": "value",
              "numberFormat": "0,0.##",
              "progressBar": {
                "bar": {
                  "color": "",
                  "style": {
                    "classes": ""
                  }
                },
                "max": 100,
                "min": 0,
                "track": {
                  "color": "",
                  "style": {
                    "classes": ""
                  }
                },
                "value": {
                  "enabled": true,
                  "format": "0,0.##",
                  "justify": "center",
                  "style": {
                    "classes": ""
                  }
                }
              },
              "render": "auto",
              "resizable": false,
              "sort": "none",
              "sortable": false,
              "strictWidth": false,
              "style": {
                "classes": ""
              },
              "toggleSwitch": {
                "color": {
                  "selected": "",
                  "unselected": ""
                }
              },
              "viewParams": {},
              "viewPath": "",
              "visible": true,
              "width": ""
            },
            {
              "align": "center",
              "boolean": "checkbox",
              "dateFormat": "MM/DD/YYYY",
              "editable": false,
              "field": "groupe",
              "footer": {
                "align": "center",
                "justify": "left",
                "style": {
                  "classes": ""
                },
                "title": ""
              },
              "header": {
                "align": "center",
                "justify": "center",
                "style": {
                  "classes": "",
                  "fontWeight": "bold"
                },
                "title": "Groupe"
              },
              "justify": "center",
              "number": "value",
              "numberFormat": "0,0.##",
              "progressBar": {
                "bar": {
                  "color": "",
                  "style": {
                    "classes": ""
                  }
                },
                "max": 100,
                "min": 0,
                "track": {
                  "color": "",
                  "style": {
                    "classes": ""
                  }
                },
                "value": {
                  "enabled": true,
                  "format": "0,0.##",
                  "justify": "center",
                  "style": {
                    "classes": ""
                  }
                }
              },
              "render": "auto",
              "resizable": false,
              "sort": "none",
              "sortable": false,
              "strictWidth": false,
              "style": {
                "classes": ""
              },
              "toggleSwitch": {
                "color": {
                  "selected": "",
                  "unselected": ""
                }
              },
              "viewParams": {},
              "viewPath": "",
              "visible": true,
              "width": ""
            },
            {
              "align": "center",
              "boolean": "checkbox",
              "dateFormat": "MM/DD/YYYY",
              "editable": false,
              "field": "equipement",
              "footer": {
                "align": "center",
                "justify": "left",
                "style": {
                  "classes": ""
                },
                "title": ""
              },
              "header": {
                "align": "center",
                "justify": "center",
                "style": {
                  "classes": "",
                  "fontWeight": "bold"
                },
                "title": "Equipement"
              },
              "justify": "center",
              "number": "value",
              "numberFormat": "0,0.##",
              "progressBar": {
                "bar": {
                  "color": "",
                  "style": {
                    "classes": ""
                  }
                },
                "max": 100,
                "min": 0,
                "track": {
                  "color": "",
                  "style": {
                    "classes": ""
                  }
                },
                "value": {
                  "enabled": true,
                  "format": "0,0.##",
                  "justify": "center",
                  "style": {
                    "classes": ""
                  }
                }
              },
              "render": "auto",
              "resizable": false,
              "sort": "none",
              "sortable": false,
              "strictWidth": false,
              "style": {
                "classes": ""
              },
              "toggleSwitch": {
                "color": {
                  "selected": "",
                  "unselected": ""
                }
              },
              "viewParams": {},
              "viewPath": "",
              "visible": true,
              "width": ""
            }
          ],
          "pager": {
            "bottom": false
          },
          "rows": {
            "highlight": {
              "enabled": false
            },
            "style": {
              "classes": "Plannings/text_size"
            }
          }
        },
        "type": "ia.display.table"
      },
      {
        "custom": {
          "empty": {
            "$": [
              "ds",
              192,
              1642417041644
            ],
            "$columns": [
              {
                "data": [
                  1,
                  2,
                  3,
                  4
                ],
                "name": "plage",
                "type": "Integer"
              },
              {
                "data": [
                  "00:00",
                  "00:00",
                  "00:00",
                  "00:00"
                ],
                "name": "start",
                "type": "String"
              },
              {
                "data": [
                  "00:00",
                  "00:00",
                  "00:00",
                  "00:00"
                ],
                "name": "end",
                "type": "String"
              }
            ]
          }
        },
        "meta": {
          "name": "Plages"
        },
        "position": {
          "height": 0.2587,
          "width": 0.705,
          "x": 0.0187,
          "y": 0.7154
        },
        "propConfig": {
          "meta.visible": {
            "binding": {
              "config": {
                "expression": "forceQuality(\r\n\t!isNull({../Dates.props.selection.selectedRow})\r\n\t||\r\n\t{../Dates.props.selection.selectedRow} \u003e\u003d 0,\r\n\t192\r\n)"
              },
              "type": "expr"
            }
          },
          "props.data": {
            "binding": {
              "config": {
                "expression": "runScript(\r\n\t\"Planning.Perspective.Exceptions.get_exception_plages\",\r\n\t1000,\r\n\t{view.params.database},\r\n\t{view.params.site},\r\n\t{../Dates.props.selection.data[0].groupe},\r\n\t{../Dates.props.selection.data[0].equipement},\r\n\t{../Dates.props.selection.data[0].start_date},\r\n\t{../Dates.props.selection.data[0].end_date}\r\n)"
              },
              "type": "expr"
            }
          }
        },
        "props": {
          "columns": [
            {
              "align": "center",
              "boolean": "checkbox",
              "dateFormat": "MM/DD/YYYY",
              "editable": false,
              "field": "plage",
              "footer": {
                "align": "center",
                "justify": "left",
                "style": {
                  "classes": ""
                },
                "title": ""
              },
              "header": {
                "align": "center",
                "justify": "center",
                "style": {
                  "classes": ""
                },
                "title": "Plage"
              },
              "justify": "center",
              "number": "value",
              "numberFormat": "0,0.##",
              "progressBar": {
                "bar": {
                  "color": "",
                  "style": {
                    "classes": ""
                  }
                },
                "max": 100,
                "min": 0,
                "track": {
                  "color": "",
                  "style": {
                    "classes": ""
                  }
                },
                "value": {
                  "enabled": true,
                  "format": "0,0.##",
                  "justify": "center",
                  "style": {
                    "classes": ""
                  }
                }
              },
              "render": "number",
              "resizable": false,
              "sort": "none",
              "sortable": false,
              "strictWidth": false,
              "style": {
                "classes": ""
              },
              "toggleSwitch": {
                "color": {
                  "selected": "",
                  "unselected": ""
                }
              },
              "viewParams": {},
              "viewPath": "",
              "visible": true,
              "width": 60
            },
            {
              "align": "center",
              "boolean": "checkbox",
              "dateFormat": "MM/DD/YYYY",
              "editable": false,
              "field": "start",
              "footer": {
                "align": "center",
                "justify": "left",
                "style": {
                  "classes": ""
                },
                "title": ""
              },
              "header": {
                "align": "center",
                "justify": "center",
                "style": {
                  "classes": ""
                },
                "title": "Heure de début"
              },
              "justify": "center",
              "number": "value",
              "numberFormat": "0,0.##",
              "progressBar": {
                "bar": {
                  "color": "",
                  "style": {
                    "classes": ""
                  }
                },
                "max": 100,
                "min": 0,
                "track": {
                  "color": "",
                  "style": {
                    "classes": ""
                  }
                },
                "value": {
                  "enabled": true,
                  "format": "0,0.##",
                  "justify": "center",
                  "style": {
                    "classes": ""
                  }
                }
              },
              "render": "string",
              "resizable": false,
              "sort": "none",
              "sortable": false,
              "strictWidth": false,
              "style": {
                "classes": ""
              },
              "toggleSwitch": {
                "color": {
                  "selected": "",
                  "unselected": ""
                }
              },
              "viewParams": {},
              "viewPath": "",
              "visible": true,
              "width": 120
            },
            {
              "align": "center",
              "boolean": "checkbox",
              "dateFormat": "MM/DD/YYYY",
              "editable": false,
              "field": "end",
              "footer": {
                "align": "center",
                "justify": "left",
                "style": {
                  "classes": ""
                },
                "title": ""
              },
              "header": {
                "align": "center",
                "justify": "center",
                "style": {
                  "classes": ""
                },
                "title": "Heure de fin"
              },
              "justify": "center",
              "number": "value",
              "numberFormat": "0,0.##",
              "progressBar": {
                "bar": {
                  "color": "",
                  "style": {
                    "classes": ""
                  }
                },
                "max": 100,
                "min": 0,
                "track": {
                  "color": "",
                  "style": {
                    "classes": ""
                  }
                },
                "value": {
                  "enabled": true,
                  "format": "0,0.##",
                  "justify": "center",
                  "style": {
                    "classes": ""
                  }
                }
              },
              "render": "string",
              "resizable": false,
              "sort": "none",
              "sortable": false,
              "strictWidth": false,
              "style": {
                "classes": ""
              },
              "toggleSwitch": {
                "color": {
                  "selected": "",
                  "unselected": ""
                }
              },
              "viewParams": {},
              "viewPath": "",
              "visible": true,
              "width": 120
            }
          ],
          "headerStyle": {
            "fontWeight": "bold"
          },
          "pager": {
            "bottom": false
          },
          "selection": {
            "enableRowSelection": false
          }
        },
        "type": "ia.display.table"
      },
      {
        "events": {
          "dom": {
            "onClick": {
              "config": {
                "script": "\tAcces\u003dFalse\n\ttry:\n\t\tfor Liste in self.session.props.auth.user.roles:\n\t\t\tif Liste in self.view.params.Acces or Liste\u003d\u003d\"Administrateur\":\n\t\t\t\tAcces\u003dTrue\n\texcept:\n\t\tpass\n\t\t\n\tif self.view.params.Security\u003d\u003dFalse or Acces\u003d\u003dTrue:\n\t\tsystem.perspective.openPopup(\n\t\t\t\u0027uJUhJcOb\u0027,\n\t\t\t\u0027Utils/Plannings/Popup_Edition\u0027,\n\t\t\tparams \u003d {\n\t\t\t\t\u0027database\u0027: self.view.params.database,\n\t\t\t\t\u0027date_deb\u0027: self.getSibling(\"Dates\").props.selection.data[0].start_date,\n\t\t\t\t\u0027date_fin\u0027: self.getSibling(\"Dates\").props.selection.data[0].end_date,\n\t\t\t\t\u0027equipement\u0027: self.getSibling(\"Dates\").props.selection.data[0].equipement,\n\t\t\t\t\u0027groupe\u0027: self.getSibling(\"Dates\").props.selection.data[0].groupe,\n\t\t\t\t\u0027site\u0027: self.view.params.site,\n\t\t\t\t\u0027num_jour\u0027: 0,\n\t\t\t\t},\n\t\t\ttitle \u003d \u0027Gestion des dérogations\u0027,\n\t\t\tshowCloseIcon \u003d True,\n\t\t\tresizable \u003d True,\n\t\t\tmodal \u003d True\n\t\t)"
              },
              "scope": "G",
              "type": "script"
            }
          }
        },
        "meta": {
          "name": "EmbeddedView_0"
        },
        "position": {
          "height": 0.0603,
          "width": 0.2062,
          "x": 0.7538,
          "y": 0.8095
        },
        "propConfig": {
          "meta.visible": {
            "binding": {
              "config": {
                "expression": "forceQuality(\r\n\t!isNull({../Dates.props.selection.selectedRow})\r\n\t||\r\n\t{../Dates.props.selection.selectedRow} \u003e\u003d 0,\r\n\t192\r\n)"
              },
              "type": "expr"
            }
          }
        },
        "props": {
          "params": {
            "Icone": "edit",
            "Texte": "Modifier"
          },
          "path": "Templates/Flex_Button",
          "style": {
            "classes": "Gestion_Utilisateurs/Button_Border Plannings/Button_Border Plannings/Button_Color Plannings/Button_Margin Plannings/Button_Text_Color",
            "cursor": "pointer"
          }
        },
        "type": "ia.display.view"
      },
      {
        "events": {
          "dom": {
            "onClick": {
              "config": {
                "script": "\tself.getSibling(\"Dates\").props.selection.selectedRow \u003d None"
              },
              "scope": "G",
              "type": "script"
            }
          }
        },
        "meta": {
          "name": "Icon"
        },
        "position": {
          "height": 0.0476,
          "rotate": {
            "anchor": "-57% -207%"
          },
          "width": 0.0375,
          "x": 0.9524,
          "y": 0.0222
        },
        "propConfig": {
          "meta.visible": {
            "binding": {
              "config": {
                "expression": "forceQuality(\r\n\t!isNull({../Dates.props.selection.selectedRow})\r\n\t||\r\n\t{../Dates.props.selection.selectedRow} \u003e\u003d 0,\r\n\t192\r\n)"
              },
              "type": "expr"
            }
          }
        },
        "props": {
          "path": "material/visibility_off"
        },
        "type": "ia.display.icon"
      }
    ],
    "meta": {
      "name": "root"
    },
    "position": {
      "x": 0.0938,
      "y": -0.0127
    },
    "props": {
      "mode": "percent",
      "style": {
        "backgroundColor": "#E9EDF4"
      }
    },
    "type": "ia.container.coord"
  }
}