{
  "custom": {},
  "params": {
    "Acces": "Ville - Exploitant",
    "Security": false,
    "database": "Ignition",
    "init": {
      "equipement": "Aucun",
      "groupe": "Aucun"
    },
    "site": "Site"
  },
  "permissions": {
    "securityLevels": [],
    "type": "AllOf"
  },
  "propConfig": {
    "params.Acces": {
      "paramDirection": "input",
      "persistent": true
    },
    "params.Security": {
      "paramDirection": "input",
      "persistent": true
    },
    "params.database": {
      "paramDirection": "input",
      "persistent": true
    },
    "params.init": {
      "paramDirection": "input",
      "persistent": true
    },
    "params.site": {
      "paramDirection": "input",
      "persistent": true
    }
  },
  "props": {
    "defaultSize": {
      "height": 669,
      "width": 961
    }
  },
  "root": {
    "children": [
      {
        "meta": {
          "name": "Image"
        },
        "position": {
          "basis": "17px"
        },
        "props": {
          "fit": {
            "mode": "fill"
          },
          "source": "/system/images/Design/Ombre_H.png"
        },
        "type": "ia.display.image"
      },
      {
        "children": [
          {
            "meta": {
              "name": "Icon"
            },
            "position": {
              "basis": "20px",
              "shrink": 0
            },
            "props": {
              "color": "#0E0F26",
              "path": "material/today",
              "style": {
                "marginLeft": "20px",
                "textIndent": "10px"
              }
            },
            "type": "ia.display.icon"
          },
          {
            "meta": {
              "name": "Titre"
            },
            "position": {
              "basis": "200px",
              "grow": 1
            },
            "props": {
              "style": {
                "color": "#000000",
                "fontSize": "15px",
                "fontWeight": "normal",
                "textAlign": "left",
                "textIndent": "15px",
                "whiteSpace": "pre"
              },
              "text": "Plannings"
            },
            "type": "ia.display.label"
          }
        ],
        "meta": {
          "name": "titre"
        },
        "position": {
          "basis": "22px",
          "shrink": 0
        },
        "props": {
          "justify": "center",
          "style": {
            "marginBottom": 5
          }
        },
        "type": "ia.container.flex"
      },
      {
        "children": [
          {
            "children": [
              {
                "meta": {
                  "name": "EmbeddedView"
                },
                "position": {
                  "height": 0.9848,
                  "width": 1
                },
                "propConfig": {
                  "props.params.Acces": {
                    "binding": {
                      "config": {
                        "expression": "{view.params.Acces}"
                      },
                      "type": "expr"
                    }
                  },
                  "props.params.Security": {
                    "binding": {
                      "config": {
                        "expression": "{view.params.Security}"
                      },
                      "type": "expr"
                    }
                  },
                  "props.params.database": {
                    "binding": {
                      "config": {
                        "expression": "{view.params.database}"
                      },
                      "type": "expr"
                    }
                  },
                  "props.params.equipement": {
                    "binding": {
                      "config": {
                        "expression": "{view.params.init.equipement}"
                      },
                      "type": "expr"
                    }
                  },
                  "props.params.groupe": {
                    "binding": {
                      "config": {
                        "expression": "{view.params.init.groupe}"
                      },
                      "type": "expr"
                    }
                  },
                  "props.params.site": {
                    "binding": {
                      "config": {
                        "expression": "{view.params.site}"
                      },
                      "type": "expr"
                    }
                  }
                },
                "props": {
                  "path": "Utils/Plannings/Hebdo"
                },
                "type": "ia.display.view"
              }
            ],
            "meta": {
              "name": "Production"
            },
            "props": {
              "mode": "percent",
              "style": {
                "backgroundColor": "#E9EDF4"
              }
            },
            "type": "ia.container.coord"
          },
          {
            "children": [
              {
                "meta": {
                  "name": "EmbeddedView"
                },
                "position": {
                  "height": 1,
                  "width": 1
                },
                "propConfig": {
                  "props.params.Acces": {
                    "binding": {
                      "config": {
                        "expression": "{view.params.Acces}"
                      },
                      "type": "expr"
                    }
                  },
                  "props.params.Security": {
                    "binding": {
                      "config": {
                        "expression": "{view.params.Security}"
                      },
                      "type": "expr"
                    }
                  },
                  "props.params.database": {
                    "binding": {
                      "config": {
                        "expression": "{view.params.database}"
                      },
                      "type": "expr"
                    }
                  },
                  "props.params.equipement": {
                    "binding": {
                      "config": {
                        "expression": "{view.params.init.equipement}"
                      },
                      "type": "expr"
                    }
                  },
                  "props.params.groupe": {
                    "binding": {
                      "config": {
                        "expression": "{view.params.init.groupe}"
                      },
                      "type": "expr"
                    }
                  },
                  "props.params.site": {
                    "binding": {
                      "config": {
                        "expression": "{view.params.site}"
                      },
                      "type": "expr"
                    }
                  }
                },
                "props": {
                  "path": "Utils/Plannings/Exception"
                },
                "type": "ia.display.view"
              }
            ],
            "meta": {
              "name": "Distribution"
            },
            "position": {
              "tabIndex": 1
            },
            "props": {
              "mode": "percent",
              "style": {
                "backgroundColor": "#E9EDF4"
              }
            },
            "type": "ia.container.coord"
          },
          {
            "meta": {
              "name": "EmbeddedView"
            },
            "position": {
              "tabIndex": 2
            },
            "propConfig": {
              "props.params.Acces": {
                "binding": {
                  "config": {
                    "expression": "{view.params.Acces}"
                  },
                  "type": "expr"
                }
              },
              "props.params.Security": {
                "binding": {
                  "config": {
                    "expression": "{view.params.Security}"
                  },
                  "type": "expr"
                }
              },
              "props.params.database": {
                "binding": {
                  "config": {
                    "expression": "{view.params.database}"
                  },
                  "type": "expr"
                }
              },
              "props.params.site": {
                "binding": {
                  "config": {
                    "expression": "{view.params.site}"
                  },
                  "type": "expr"
                }
              }
            },
            "props": {
              "path": "Utils/Plannings/A_Venir"
            },
            "type": "ia.display.view"
          },
          {
            "meta": {
              "name": "EmbeddedView_0"
            },
            "position": {
              "tabIndex": 3
            },
            "propConfig": {
              "props.params.Acces": {
                "binding": {
                  "config": {
                    "expression": "{view.params.Acces}"
                  },
                  "type": "expr"
                }
              },
              "props.params.Security": {
                "binding": {
                  "config": {
                    "expression": "{view.params.Security}"
                  },
                  "type": "expr"
                }
              },
              "props.params.database": {
                "binding": {
                  "config": {
                    "expression": "{view.params.database}"
                  },
                  "type": "expr"
                }
              },
              "props.params.equipement": {
                "binding": {
                  "config": {
                    "expression": "{view.params.init.equipement}"
                  },
                  "type": "expr"
                }
              },
              "props.params.groupe": {
                "binding": {
                  "config": {
                    "expression": "{view.params.init.groupe}"
                  },
                  "type": "expr"
                }
              },
              "props.params.site": {
                "binding": {
                  "config": {
                    "expression": "{view.params.site}"
                  },
                  "type": "expr"
                }
              }
            },
            "props": {
              "path": "Utils/Plannings/Annuel"
            },
            "type": "ia.display.view"
          }
        ],
        "meta": {
          "name": "tab"
        },
        "position": {
          "basis": "580px",
          "grow": 1
        },
        "props": {
          "menuStyle": {
            "classes": ""
          },
          "menuType": "modern",
          "style": {
            "classes": "Plannings/Tab_Menu_Background"
          },
          "tabSize": {
            "width": 200
          },
          "tabStyle": {
            "active": {
              "classes": "Plannings/Tab_Menu_Onglet_Actif Plannings/Tab_Menu_Text"
            },
            "inactive": {
              "classes": "Plannings/Tab_Menu_Onglet_Inactif"
            }
          },
          "tabs": [
            "Hebdomadaire",
            "Dérogations",
            "Dérogations à venir",
            "Calendrier"
          ]
        },
        "type": "ia.container.tab"
      }
    ],
    "meta": {
      "name": "root"
    },
    "props": {
      "direction": "column",
      "style": {
        "backgroundColor": "#E9EDF4"
      }
    },
    "type": "ia.container.flex"
  }
}