{
  "custom": {},
  "params": {
    "Taille": 1440,
    "Vue_impair": true,
    "Vue_trait": false
  },
  "propConfig": {
    "params.Taille": {
      "paramDirection": "input",
      "persistent": true
    },
    "params.Vue_impair": {
      "paramDirection": "input",
      "persistent": true
    },
    "params.Vue_trait": {
      "paramDirection": "input",
      "persistent": true
    }
  },
  "props": {
    "defaultSize": {
      "height": 1440,
      "width": 75
    },
    "loading": {
      "mode": "blocking"
    }
  },
  "root": {
    "children": [
      {
        "meta": {
          "name": "Label"
        },
        "position": {
          "height": 0.002,
          "width": 0.7,
          "x": 0.3
        },
        "propConfig": {
          "meta.visible": {
            "binding": {
              "config": {
                "path": "view.params.Vue_trait"
              },
              "type": "property"
            }
          }
        },
        "props": {
          "style": {
            "backgroundColor": "#C6C6C6",
            "borderColor": "#D7D7D7",
            "borderStyle": "none",
            "borderWidth": 1
          }
        },
        "type": "ia.display.label"
      },
      {
        "meta": {
          "name": "Label_0"
        },
        "position": {
          "height": 0.002,
          "width": 0.7,
          "x": 0.3,
          "y": 0.0417
        },
        "propConfig": {
          "meta.visible": {
            "binding": {
              "config": {
                "path": "view.params.Vue_trait"
              },
              "type": "property"
            }
          }
        },
        "props": {
          "style": {
            "backgroundColor": "#C6C6C6",
            "borderColor": "#D7D7D7",
            "borderStyle": "none",
            "borderWidth": 1
          }
        },
        "type": "ia.display.label"
      },
      {
        "meta": {
          "name": "Label_1"
        },
        "position": {
          "height": 0.002,
          "width": 0.7,
          "x": 0.3,
          "y": 0.0833
        },
        "propConfig": {
          "meta.visible": {
            "binding": {
              "config": {
                "path": "view.params.Vue_trait"
              },
              "type": "property"
            }
          }
        },
        "props": {
          "style": {
            "backgroundColor": "#C6C6C6",
            "borderColor": "#D7D7D7",
            "borderStyle": "none",
            "borderWidth": 1
          }
        },
        "type": "ia.display.label"
      },
      {
        "meta": {
          "name": "Label_2"
        },
        "position": {
          "height": 0.002,
          "width": 0.7,
          "x": 0.3,
          "y": 0.125
        },
        "propConfig": {
          "meta.visible": {
            "binding": {
              "config": {
                "path": "view.params.Vue_trait"
              },
              "type": "property"
            }
          }
        },
        "props": {
          "style": {
            "backgroundColor": "#C6C6C6",
            "borderColor": "#D7D7D7",
            "borderStyle": "none",
            "borderWidth": 1
          }
        },
        "type": "ia.display.label"
      },
      {
        "meta": {
          "name": "Label_3"
        },
        "position": {
          "height": 0.002,
          "width": 0.7,
          "x": 0.3,
          "y": 0.1667
        },
        "propConfig": {
          "meta.visible": {
            "binding": {
              "config": {
                "path": "view.params.Vue_trait"
              },
              "type": "property"
            }
          }
        },
        "props": {
          "style": {
            "backgroundColor": "#C6C6C6",
            "borderColor": "#D7D7D7",
            "borderStyle": "none",
            "borderWidth": 1
          }
        },
        "type": "ia.display.label"
      },
      {
        "meta": {
          "name": "Label_4"
        },
        "position": {
          "height": 0.002,
          "width": 0.7,
          "x": 0.3,
          "y": 0.2083
        },
        "propConfig": {
          "meta.visible": {
            "binding": {
              "config": {
                "path": "view.params.Vue_trait"
              },
              "type": "property"
            }
          }
        },
        "props": {
          "style": {
            "backgroundColor": "#C6C6C6",
            "borderColor": "#D7D7D7",
            "borderStyle": "none",
            "borderWidth": 1
          }
        },
        "type": "ia.display.label"
      },
      {
        "meta": {
          "name": "Label_5"
        },
        "position": {
          "height": 0.002,
          "width": 0.7,
          "x": 0.3,
          "y": 0.25
        },
        "propConfig": {
          "meta.visible": {
            "binding": {
              "config": {
                "path": "view.params.Vue_trait"
              },
              "type": "property"
            }
          }
        },
        "props": {
          "style": {
            "backgroundColor": "#C6C6C6",
            "borderColor": "#D7D7D7",
            "borderStyle": "none",
            "borderWidth": 1
          }
        },
        "type": "ia.display.label"
      },
      {
        "meta": {
          "name": "Label_6"
        },
        "position": {
          "height": 0.002,
          "width": 0.7,
          "x": 0.3,
          "y": 0.2917
        },
        "propConfig": {
          "meta.visible": {
            "binding": {
              "config": {
                "path": "view.params.Vue_trait"
              },
              "type": "property"
            }
          }
        },
        "props": {
          "style": {
            "backgroundColor": "#C6C6C6",
            "borderColor": "#D7D7D7",
            "borderStyle": "none",
            "borderWidth": 1
          }
        },
        "type": "ia.display.label"
      },
      {
        "meta": {
          "name": "Label_7"
        },
        "position": {
          "height": 0.002,
          "width": 0.7,
          "x": 0.3,
          "y": 0.3333
        },
        "propConfig": {
          "meta.visible": {
            "binding": {
              "config": {
                "path": "view.params.Vue_trait"
              },
              "type": "property"
            }
          }
        },
        "props": {
          "style": {
            "backgroundColor": "#C6C6C6",
            "borderColor": "#D7D7D7",
            "borderStyle": "none",
            "borderWidth": 1
          }
        },
        "type": "ia.display.label"
      },
      {
        "meta": {
          "name": "Label_8"
        },
        "position": {
          "height": 0.002,
          "width": 0.7,
          "x": 0.3,
          "y": 0.375
        },
        "propConfig": {
          "meta.visible": {
            "binding": {
              "config": {
                "path": "view.params.Vue_trait"
              },
              "type": "property"
            }
          }
        },
        "props": {
          "style": {
            "backgroundColor": "#C6C6C6",
            "borderColor": "#D7D7D7",
            "borderStyle": "none",
            "borderWidth": 1
          }
        },
        "type": "ia.display.label"
      },
      {
        "meta": {
          "name": "Label_9"
        },
        "position": {
          "height": 0.002,
          "width": 0.7,
          "x": 0.3,
          "y": 0.4167
        },
        "propConfig": {
          "meta.visible": {
            "binding": {
              "config": {
                "path": "view.params.Vue_trait"
              },
              "type": "property"
            }
          }
        },
        "props": {
          "style": {
            "backgroundColor": "#C6C6C6",
            "borderColor": "#D7D7D7",
            "borderStyle": "none",
            "borderWidth": 1
          }
        },
        "type": "ia.display.label"
      },
      {
        "meta": {
          "name": "Label_10"
        },
        "position": {
          "height": 0.002,
          "width": 0.7,
          "x": 0.3,
          "y": 0.4583
        },
        "propConfig": {
          "meta.visible": {
            "binding": {
              "config": {
                "path": "view.params.Vue_trait"
              },
              "type": "property"
            }
          }
        },
        "props": {
          "style": {
            "backgroundColor": "#C6C6C6",
            "borderColor": "#D7D7D7",
            "borderStyle": "none",
            "borderWidth": 1
          }
        },
        "type": "ia.display.label"
      },
      {
        "meta": {
          "name": "Label_11"
        },
        "position": {
          "height": 0.002,
          "width": 0.7,
          "x": 0.3,
          "y": 0.5
        },
        "propConfig": {
          "meta.visible": {
            "binding": {
              "config": {
                "path": "view.params.Vue_trait"
              },
              "type": "property"
            }
          }
        },
        "props": {
          "style": {
            "backgroundColor": "#C6C6C6",
            "borderColor": "#D7D7D7",
            "borderStyle": "none",
            "borderWidth": 1
          }
        },
        "type": "ia.display.label"
      },
      {
        "meta": {
          "name": "Label_12"
        },
        "position": {
          "height": 0.002,
          "width": 0.7,
          "x": 0.3,
          "y": 0.5417
        },
        "propConfig": {
          "meta.visible": {
            "binding": {
              "config": {
                "path": "view.params.Vue_trait"
              },
              "type": "property"
            }
          }
        },
        "props": {
          "style": {
            "backgroundColor": "#C6C6C6",
            "borderColor": "#D7D7D7",
            "borderStyle": "none",
            "borderWidth": 1
          }
        },
        "type": "ia.display.label"
      },
      {
        "meta": {
          "name": "Label_13"
        },
        "position": {
          "height": 0.002,
          "width": 0.7,
          "x": 0.3,
          "y": 0.5833
        },
        "propConfig": {
          "meta.visible": {
            "binding": {
              "config": {
                "path": "view.params.Vue_trait"
              },
              "type": "property"
            }
          }
        },
        "props": {
          "style": {
            "backgroundColor": "#C6C6C6",
            "borderColor": "#D7D7D7",
            "borderStyle": "none",
            "borderWidth": 1
          }
        },
        "type": "ia.display.label"
      },
      {
        "meta": {
          "name": "Label_14"
        },
        "position": {
          "height": 0.002,
          "width": 0.7,
          "x": 0.3,
          "y": 0.625
        },
        "propConfig": {
          "meta.visible": {
            "binding": {
              "config": {
                "path": "view.params.Vue_trait"
              },
              "type": "property"
            }
          }
        },
        "props": {
          "style": {
            "backgroundColor": "#C6C6C6",
            "borderColor": "#D7D7D7",
            "borderStyle": "none",
            "borderWidth": 1
          }
        },
        "type": "ia.display.label"
      },
      {
        "meta": {
          "name": "Label_15"
        },
        "position": {
          "height": 0.002,
          "width": 0.7,
          "x": 0.3,
          "y": 0.6667
        },
        "propConfig": {
          "meta.visible": {
            "binding": {
              "config": {
                "path": "view.params.Vue_trait"
              },
              "type": "property"
            }
          }
        },
        "props": {
          "style": {
            "backgroundColor": "#C6C6C6",
            "borderColor": "#D7D7D7",
            "borderStyle": "none",
            "borderWidth": 1
          }
        },
        "type": "ia.display.label"
      },
      {
        "meta": {
          "name": "Label_16"
        },
        "position": {
          "height": 0.002,
          "width": 0.7,
          "x": 0.3,
          "y": 0.7083
        },
        "propConfig": {
          "meta.visible": {
            "binding": {
              "config": {
                "path": "view.params.Vue_trait"
              },
              "type": "property"
            }
          }
        },
        "props": {
          "style": {
            "backgroundColor": "#C6C6C6",
            "borderColor": "#D7D7D7",
            "borderStyle": "none",
            "borderWidth": 1
          }
        },
        "type": "ia.display.label"
      },
      {
        "meta": {
          "name": "Label_17"
        },
        "position": {
          "height": 0.002,
          "width": 0.7,
          "x": 0.3,
          "y": 0.75
        },
        "propConfig": {
          "meta.visible": {
            "binding": {
              "config": {
                "path": "view.params.Vue_trait"
              },
              "type": "property"
            }
          }
        },
        "props": {
          "style": {
            "backgroundColor": "#C6C6C6",
            "borderColor": "#D7D7D7",
            "borderStyle": "none",
            "borderWidth": 1
          }
        },
        "type": "ia.display.label"
      },
      {
        "meta": {
          "name": "Label_18"
        },
        "position": {
          "height": 0.002,
          "width": 0.7,
          "x": 0.3,
          "y": 0.7917
        },
        "propConfig": {
          "meta.visible": {
            "binding": {
              "config": {
                "path": "view.params.Vue_trait"
              },
              "type": "property"
            }
          }
        },
        "props": {
          "style": {
            "backgroundColor": "#C6C6C6",
            "borderColor": "#D7D7D7",
            "borderStyle": "none",
            "borderWidth": 1
          }
        },
        "type": "ia.display.label"
      },
      {
        "meta": {
          "name": "Label_19"
        },
        "position": {
          "height": 0.002,
          "width": 0.7,
          "x": 0.3,
          "y": 0.8333
        },
        "propConfig": {
          "meta.visible": {
            "binding": {
              "config": {
                "path": "view.params.Vue_trait"
              },
              "type": "property"
            }
          }
        },
        "props": {
          "style": {
            "backgroundColor": "#C6C6C6",
            "borderColor": "#D7D7D7",
            "borderStyle": "none",
            "borderWidth": 1
          }
        },
        "type": "ia.display.label"
      },
      {
        "meta": {
          "name": "Label_20"
        },
        "position": {
          "height": 0.002,
          "width": 0.7,
          "x": 0.3,
          "y": 0.875
        },
        "propConfig": {
          "meta.visible": {
            "binding": {
              "config": {
                "path": "view.params.Vue_trait"
              },
              "type": "property"
            }
          }
        },
        "props": {
          "style": {
            "backgroundColor": "#C6C6C6",
            "borderColor": "#D7D7D7",
            "borderStyle": "none",
            "borderWidth": 1
          }
        },
        "type": "ia.display.label"
      },
      {
        "meta": {
          "name": "Label_21"
        },
        "position": {
          "height": 0.002,
          "width": 0.7,
          "x": 0.3,
          "y": 0.9167
        },
        "propConfig": {
          "meta.visible": {
            "binding": {
              "config": {
                "path": "view.params.Vue_trait"
              },
              "type": "property"
            }
          }
        },
        "props": {
          "style": {
            "backgroundColor": "#C6C6C6",
            "borderColor": "#D7D7D7",
            "borderStyle": "none",
            "borderWidth": 1
          }
        },
        "type": "ia.display.label"
      },
      {
        "meta": {
          "name": "Label_22"
        },
        "position": {
          "height": 0.002,
          "width": 0.7,
          "x": 0.3,
          "y": 0.9583
        },
        "propConfig": {
          "meta.visible": {
            "binding": {
              "config": {
                "path": "view.params.Vue_trait"
              },
              "type": "property"
            }
          }
        },
        "props": {
          "style": {
            "backgroundColor": "#C6C6C6",
            "borderColor": "#D7D7D7",
            "borderStyle": "none",
            "borderWidth": 1
          }
        },
        "type": "ia.display.label"
      },
      {
        "meta": {
          "name": "Label_23",
          "visible": false
        },
        "position": {
          "height": 0.0118,
          "width": 0.2655
        },
        "props": {
          "alignVertical": "top",
          "style": {
            "classes": "Plannings/text_size",
            "fontFamily": "Arial",
            "fontWeight": "bold",
            "textAlign": "right"
          },
          "text": "00:00"
        },
        "type": "ia.display.label"
      },
      {
        "meta": {
          "name": "Label_24"
        },
        "position": {
          "height": 0.0111,
          "width": 0.9,
          "y": 0.0368
        },
        "propConfig": {
          "meta.visible": {
            "binding": {
              "config": {
                "expression": "{view.params.Vue_impair}"
              },
              "type": "expr"
            }
          }
        },
        "props": {
          "style": {
            "classes": "Templates/Plannings/text_size",
            "fontFamily": "Arial",
            "fontWeight": "normal",
            "textAlign": "right"
          },
          "text": "01:00"
        },
        "type": "ia.display.label"
      },
      {
        "meta": {
          "name": "Label_25"
        },
        "position": {
          "height": 0.0111,
          "width": 0.9,
          "x": 0.0095,
          "y": 0.0777
        },
        "props": {
          "style": {
            "classes": "Templates/Plannings/text_size",
            "fontFamily": "Arial",
            "fontWeight": "normal",
            "textAlign": "right"
          },
          "text": "02:00"
        },
        "type": "ia.display.label"
      },
      {
        "meta": {
          "name": "Label_26"
        },
        "position": {
          "height": 0.0132,
          "width": 0.9,
          "x": 0.0095,
          "y": 0.1187
        },
        "propConfig": {
          "meta.visible": {
            "binding": {
              "config": {
                "expression": "{view.params.Vue_impair}"
              },
              "type": "expr"
            }
          }
        },
        "props": {
          "style": {
            "classes": "Templates/Plannings/text_size",
            "fontFamily": "Arial",
            "fontWeight": "normal",
            "textAlign": "right"
          },
          "text": "03:00"
        },
        "type": "ia.display.label"
      },
      {
        "meta": {
          "name": "Label_27"
        },
        "position": {
          "height": 0.0132,
          "width": 0.9,
          "x": 0.0095,
          "y": 0.1618
        },
        "props": {
          "style": {
            "classes": "Templates/Plannings/text_size",
            "fontFamily": "Arial",
            "fontWeight": "normal",
            "textAlign": "right"
          },
          "text": "04:00"
        },
        "type": "ia.display.label"
      },
      {
        "meta": {
          "name": "Label_28"
        },
        "position": {
          "height": 0.0111,
          "width": 0.9,
          "x": 0.0095,
          "y": 0.2027
        },
        "propConfig": {
          "meta.visible": {
            "binding": {
              "config": {
                "expression": "{view.params.Vue_impair}"
              },
              "type": "expr"
            }
          }
        },
        "props": {
          "style": {
            "classes": "Templates/Plannings/text_size",
            "fontFamily": "Arial",
            "fontWeight": "normal",
            "textAlign": "right"
          },
          "text": "05:00"
        },
        "type": "ia.display.label"
      },
      {
        "meta": {
          "name": "Label_29"
        },
        "position": {
          "height": 0.0132,
          "width": 0.9,
          "x": 0.0095,
          "y": 0.2444
        },
        "props": {
          "style": {
            "classes": "Templates/Plannings/text_size",
            "fontFamily": "Arial",
            "fontWeight": "normal",
            "textAlign": "right"
          },
          "text": "06:00"
        },
        "type": "ia.display.label"
      },
      {
        "meta": {
          "name": "Label_30"
        },
        "position": {
          "height": 0.0118,
          "width": 0.9,
          "x": 0.0095,
          "y": 0.2875
        },
        "propConfig": {
          "meta.visible": {
            "binding": {
              "config": {
                "expression": "{view.params.Vue_impair}"
              },
              "type": "expr"
            }
          }
        },
        "props": {
          "style": {
            "classes": "Templates/Plannings/text_size",
            "fontFamily": "Arial",
            "fontWeight": "normal",
            "textAlign": "right"
          },
          "text": "07:00"
        },
        "type": "ia.display.label"
      },
      {
        "meta": {
          "name": "Label_31"
        },
        "position": {
          "height": 0.0132,
          "width": 0.9,
          "x": 0.0095,
          "y": 0.3291
        },
        "props": {
          "style": {
            "classes": "Templates/Plannings/text_size",
            "fontFamily": "Arial",
            "fontWeight": "normal",
            "textAlign": "right"
          },
          "text": "08:00"
        },
        "type": "ia.display.label"
      },
      {
        "meta": {
          "name": "Label_32"
        },
        "position": {
          "height": 0.0111,
          "width": 0.9,
          "x": 0.0095,
          "y": 0.3708
        },
        "propConfig": {
          "meta.visible": {
            "binding": {
              "config": {
                "expression": "{view.params.Vue_impair}"
              },
              "type": "expr"
            }
          }
        },
        "props": {
          "style": {
            "classes": "Templates/Plannings/text_size",
            "fontFamily": "Arial",
            "fontWeight": "normal",
            "textAlign": "right"
          },
          "text": "09:00"
        },
        "type": "ia.display.label"
      },
      {
        "meta": {
          "name": "Label_33"
        },
        "position": {
          "height": 0.0132,
          "width": 0.9,
          "x": 0.0095,
          "y": 0.4124
        },
        "props": {
          "style": {
            "classes": "Templates/Plannings/text_size",
            "fontFamily": "Arial",
            "fontWeight": "normal",
            "textAlign": "right"
          },
          "text": "10:00"
        },
        "type": "ia.display.label"
      },
      {
        "meta": {
          "name": "Label_34"
        },
        "position": {
          "height": 0.0111,
          "width": 0.9,
          "x": 0.0095,
          "y": 0.4541
        },
        "propConfig": {
          "meta.visible": {
            "binding": {
              "config": {
                "expression": "{view.params.Vue_impair}"
              },
              "type": "expr"
            }
          }
        },
        "props": {
          "style": {
            "classes": "Templates/Plannings/text_size",
            "fontFamily": "Arial",
            "fontWeight": "normal",
            "textAlign": "right"
          },
          "text": "11:00"
        },
        "type": "ia.display.label"
      },
      {
        "meta": {
          "name": "Label_35"
        },
        "position": {
          "height": 0.0111,
          "width": 0.9,
          "x": 0.0095,
          "y": 0.4958
        },
        "props": {
          "style": {
            "classes": "Templates/Plannings/text_size",
            "fontFamily": "Arial",
            "fontWeight": "normal",
            "textAlign": "right"
          },
          "text": "12:00"
        },
        "type": "ia.display.label"
      },
      {
        "meta": {
          "name": "Label_36"
        },
        "position": {
          "height": 0.0111,
          "width": 0.9,
          "x": 0.0095,
          "y": 0.5367
        },
        "propConfig": {
          "meta.visible": {
            "binding": {
              "config": {
                "expression": "{view.params.Vue_impair}"
              },
              "type": "expr"
            }
          }
        },
        "props": {
          "style": {
            "classes": "Templates/Plannings/text_size",
            "fontFamily": "Arial",
            "fontWeight": "normal",
            "textAlign": "right"
          },
          "text": "13:00"
        },
        "type": "ia.display.label"
      },
      {
        "meta": {
          "name": "Label_37"
        },
        "position": {
          "height": 0.0111,
          "width": 0.9,
          "x": 0.0095,
          "y": 0.5791
        },
        "props": {
          "style": {
            "classes": "Templates/Plannings/text_size",
            "fontFamily": "Arial",
            "fontWeight": "normal",
            "textAlign": "right"
          },
          "text": "14:00"
        },
        "type": "ia.display.label"
      },
      {
        "meta": {
          "name": "Label_38"
        },
        "position": {
          "height": 0.0125,
          "width": 0.9,
          "x": 0.0095,
          "y": 0.6201
        },
        "propConfig": {
          "meta.visible": {
            "binding": {
              "config": {
                "expression": "{view.params.Vue_impair}"
              },
              "type": "expr"
            }
          }
        },
        "props": {
          "style": {
            "classes": "Templates/Plannings/text_size",
            "fontFamily": "Arial",
            "fontWeight": "normal",
            "textAlign": "right"
          },
          "text": "15:00"
        },
        "type": "ia.display.label"
      },
      {
        "meta": {
          "name": "Label_39"
        },
        "position": {
          "height": 0.0111,
          "width": 0.9,
          "x": 0.0095,
          "y": 0.6617
        },
        "props": {
          "style": {
            "classes": "Templates/Plannings/text_size",
            "fontFamily": "Arial",
            "fontWeight": "normal",
            "textAlign": "right"
          },
          "text": "16:00"
        },
        "type": "ia.display.label"
      },
      {
        "meta": {
          "name": "Label_40"
        },
        "position": {
          "height": 0.0111,
          "width": 0.9,
          "x": 0.0095,
          "y": 0.7034
        },
        "propConfig": {
          "meta.visible": {
            "binding": {
              "config": {
                "expression": "{view.params.Vue_impair}"
              },
              "type": "expr"
            }
          }
        },
        "props": {
          "style": {
            "classes": "Templates/Plannings/text_size",
            "fontFamily": "Arial",
            "fontWeight": "normal",
            "textAlign": "right"
          },
          "text": "17:00"
        },
        "type": "ia.display.label"
      },
      {
        "meta": {
          "name": "Label_41"
        },
        "position": {
          "height": 0.0111,
          "width": 0.9,
          "x": 0.0095,
          "y": 0.7444
        },
        "props": {
          "style": {
            "classes": "Templates/Plannings/text_size",
            "fontFamily": "Arial",
            "fontWeight": "normal",
            "textAlign": "right"
          },
          "text": "18:00"
        },
        "type": "ia.display.label"
      },
      {
        "meta": {
          "name": "Label_42"
        },
        "position": {
          "height": 0.0111,
          "width": 0.9,
          "x": 0.0095,
          "y": 0.7868
        },
        "propConfig": {
          "meta.visible": {
            "binding": {
              "config": {
                "expression": "{view.params.Vue_impair}"
              },
              "type": "expr"
            }
          }
        },
        "props": {
          "style": {
            "classes": "Templates/Plannings/text_size",
            "fontFamily": "Arial",
            "fontWeight": "normal",
            "textAlign": "right"
          },
          "text": "19:00"
        },
        "type": "ia.display.label"
      },
      {
        "meta": {
          "name": "Label_43"
        },
        "position": {
          "height": 0.0111,
          "width": 0.9,
          "x": 0.0095,
          "y": 0.8277
        },
        "props": {
          "style": {
            "classes": "Templates/Plannings/text_size",
            "fontFamily": "Arial",
            "fontWeight": "normal",
            "textAlign": "right"
          },
          "text": "20:00"
        },
        "type": "ia.display.label"
      },
      {
        "meta": {
          "name": "Label_44"
        },
        "position": {
          "height": 0.0111,
          "width": 0.9,
          "x": 0.0095,
          "y": 0.8694
        },
        "propConfig": {
          "meta.visible": {
            "binding": {
              "config": {
                "expression": "{view.params.Vue_impair}"
              },
              "type": "expr"
            }
          }
        },
        "props": {
          "style": {
            "classes": "Templates/Plannings/text_size",
            "fontFamily": "Arial",
            "fontWeight": "normal",
            "textAlign": "right"
          },
          "text": "21:00"
        },
        "type": "ia.display.label"
      },
      {
        "meta": {
          "name": "Label_45"
        },
        "position": {
          "height": 0.0111,
          "width": 0.9,
          "x": 0.0095,
          "y": 0.9111
        },
        "props": {
          "style": {
            "classes": "Templates/Plannings/text_size",
            "fontFamily": "Arial",
            "fontWeight": "normal",
            "textAlign": "right"
          },
          "text": "22:00"
        },
        "type": "ia.display.label"
      },
      {
        "meta": {
          "name": "Label_46"
        },
        "position": {
          "height": 0.0111,
          "width": 0.9,
          "x": 0.0095,
          "y": 0.9521
        },
        "propConfig": {
          "meta.visible": {
            "binding": {
              "config": {
                "expression": "{view.params.Vue_impair}"
              },
              "type": "expr"
            }
          }
        },
        "props": {
          "style": {
            "classes": "Templates/Plannings/text_size",
            "fontFamily": "Arial",
            "fontWeight": "normal",
            "textAlign": "right"
          },
          "text": "23:00"
        },
        "type": "ia.display.label"
      }
    ],
    "custom": {
      "H_change": false,
      "H_change_2": true,
      "H_change_F": false,
      "H_change_F_2": false,
      "H_deb": 0,
      "H_deb_2": 0,
      "H_debut": "00:00",
      "H_debut_2": "00:00",
      "H_f": 0,
      "H_fin": "00:00",
      "H_fin_2": "00:00",
      "test": 0
    },
    "meta": {
      "name": "root"
    },
    "propConfig": {
      "custom.H_debut": {
        "onChange": {
          "enabled": null,
          "script": "\tif self.custom.H_change !\u003d True :\n\t\tif self.view.params.Plage\u003d\u003d1:\n\t\t\tself.view.params.Heure_deb\u003dself.custom.H_debut\n\t\tif self.view.params.Plage\u003d\u003d2:\n\t\t\tself.view.params.Heure_deb_2\u003dself.custom.H_debut\n\telse:\n\t\tself.custom.H_change \u003d False"
        }
      },
      "custom.H_debut_2": {
        "onChange": {
          "enabled": null,
          "script": "\tif self.custom.H_change_2 !\u003d True :\n\t\tself.view.params.Heure_deb_2\u003dself.custom.H_debut_2\n\telse:\n\t\tself.custom.H_change \u003d False"
        }
      },
      "custom.H_fin": {
        "onChange": {
          "enabled": null,
          "script": "\tif self.custom.H_change_F !\u003d True:\n\t\tif self.view.params.Plage\u003d\u003d1:\n\t\t\tself.view.params.Heure_fin\u003dself.custom.H_fin\n\t\tif self.view.params.Plage\u003d\u003d2:\n\t\t\tself.view.params.Heure_fin_2\u003dself.custom.H_fin\n\telse:\n\t\tself.custom.H_change_F \u003d False"
        }
      },
      "custom.H_fin_2": {
        "onChange": {
          "enabled": null,
          "script": "\tif self.custom.H_change_F_2 !\u003d True :\n\t\t\n\t\t\tself.view.params.Heure_fin_2\u003dself.custom.H_fin_2\n\telse:\n\t\tself.custom.H_change_F_2 \u003d False"
        }
      },
      "custom.div": {
        "binding": {
          "config": {
            "expression": "tofloat({view.params.Taille})/1440"
          },
          "type": "expr"
        }
      }
    },
    "props": {
      "mode": "percent"
    },
    "type": "ia.container.coord"
  }
}