{
  "custom": {},
  "params": {
    "database": "MySQL",
    "queries": []
  },
  "propConfig": {
    "params.database": {
      "paramDirection": "input",
      "persistent": true
    },
    "params.queries": {
      "paramDirection": "input",
      "persistent": true
    }
  },
  "props": {
    "defaultSize": {
      "height": 140,
      "width": 216
    }
  },
  "root": {
    "children": [
      {
        "meta": {
          "name": "Label"
        },
        "position": {
          "basis": "60px"
        },
        "props": {
          "style": {
            "textAlign": "center"
          },
          "text": "Confirmer ?"
        },
        "type": "ia.display.label"
      },
      {
        "events": {
          "dom": {
            "onClick": {
              "config": {
                "script": "\t\n\tqueries \u003d self.view.params.queries\n\tdatabase \u003d self.view.params.database\n\tfor query in queries:\n\t\tquery \u003d query.replace(\u0027\\t\u0027, \u0027 \u0027)\n\t\tquery \u003d query.replace(\u0027\\n\u0027, \u0027 \u0027)\n\t\tsystem.db.runUpdateQuery(query, database)\t\n\t\n\tsystem.perspective.closePopup(\u0027uJUhJcOb\u0027)\n\tsystem.perspective.closePopup(\u0027q8hqW_fd\u0027)"
              },
              "scope": "G",
              "type": "script"
            }
          }
        },
        "meta": {
          "name": "EmbeddedView"
        },
        "position": {
          "basis": "40px"
        },
        "props": {
          "params": {
            "Icone": "check_circle",
            "Icone_color": "#98FB98",
            "Texte": "Oui",
            "Texte_color": "#FFFFFF"
          },
          "path": "Templates/Flex_Button",
          "style": {
            "classes": "Plannings/Button_Border\nPlannings/Button_Color\nPlannings/Button_Margin",
            "cursor": "pointer",
            "marginBottom": 5
          }
        },
        "type": "ia.display.view"
      },
      {
        "events": {
          "dom": {
            "onClick": {
              "config": {
                "script": "\tsystem.perspective.closePopup(\u0027uJUhJcOb\u0027)\n\tsystem.perspective.closePopup(\u0027q8hqW_fd\u0027)"
              },
              "scope": "G",
              "type": "script"
            }
          }
        },
        "meta": {
          "name": "EmbeddedView_0"
        },
        "position": {
          "basis": "40px"
        },
        "props": {
          "params": {
            "Icone": "cancel",
            "Icone_color": "#ff4749dd",
            "Texte": "Non",
            "Texte_color": "#FFFFFF"
          },
          "path": "Templates/Flex_Button",
          "style": {
            "classes": "Plannings/Button_Border\nPlannings/Button_Color\nPlannings/Button_Margin",
            "cursor": "pointer",
            "marginBottom": 5
          }
        },
        "type": "ia.display.view"
      }
    ],
    "meta": {
      "name": "root"
    },
    "props": {
      "direction": "column"
    },
    "type": "ia.container.flex"
  }
}