{
  "custom": {
    "Update": {
      "$": [
        "ds",
        192,
        1641910176201
      ],
      "$columns": [
        {
          "data": [
            1,
            2,
            3,
            4
          ],
          "name": "plage",
          "type": "Integer"
        },
        {
          "data": [
            "00:00",
            "00:00",
            "00:00",
            "00:00"
          ],
          "name": "start",
          "type": "String"
        },
        {
          "data": [
            "00:00",
            "00:00",
            "00:00",
            "00:00"
          ],
          "name": "end",
          "type": "String"
        }
      ]
    },
    "labelWidth": 0.002
  },
  "params": {
    "dataset": {
      "$": [
        "ds",
        192,
        1641910176201
      ],
      "$columns": [
        {
          "data": [
            1,
            2,
            3,
            4
          ],
          "name": "plage",
          "type": "Integer"
        },
        {
          "data": [
            "00:00",
            "00:00",
            "00:00",
            "00:00"
          ],
          "name": "start",
          "type": "String"
        },
        {
          "data": [
            "00:00",
            "00:00",
            "00:00",
            "00:00"
          ],
          "name": "end",
          "type": "String"
        }
      ]
    }
  },
  "propConfig": {
    "custom.Update": {
      "binding": {
        "config": {
          "expression": "{view.params.dataset}"
        },
        "type": "expr"
      },
      "onChange": {
        "enabled": null,
        "script": "\ttry :\n\t\tdataset \u003d self.params.dataset\n\t\t\n\t\tfor num_plage in [\"1\", \"2\", \"3\", \"4\"]:\n\t\t\tplage \u003d int(num_plage) - 1\n\t\t\t\n\t\t\th_start, m_start \u003d dataset.getValueAt(plage, \u0027start\u0027).split(\u0027:\u0027)\n\t\t\th_start \u003d float(h_start)\n\t\t\tm_start \u003d float(m_start)\n\t\t\t\t\t\t\n\t\t\th_stop, m_stop \u003d dataset.getValueAt(plage, \u0027end\u0027).split(\u0027:\u0027)\n\t\t\th_stop \u003d float(h_stop)\n\t\t\tm_stop \u003d float(m_stop)\n\t\t\t\n\t\t\tt_start \u003d h_start * 60 + m_start\n\t\t\tt_stop \u003d h_stop * 60 + m_stop\n\t\t\ty_position \u003d t_start / 1440\n\t\t\theight_position \u003d (t_stop - t_start)/1440\n\t\t\t\n\t\t\tself.getChild(\"root\").getChild(\"Plage\" + num_plage).position.y \u003d y_position\n\t\t\tself.getChild(\"root\").getChild(\"Plage\" + num_plage).position.height \u003d height_position\n\t\n\texcept:\n\t\tfor num_plage in [\"1\", \"2\", \"3\", \"4\"]:\n\t\t\tself.getChild(\"root\").getChild(\"Plage\" + num_plage).position.y \u003d 0\n\t\t\tself.getChild(\"root\").getChild(\"Plage\" + num_plage).position.height \u003d 0"
      },
      "persistent": true
    },
    "custom.labelWidth": {
      "persistent": true
    },
    "params.dataset": {
      "paramDirection": "input",
      "persistent": true
    }
  },
  "props": {
    "defaultSize": {
      "height": 1440,
      "width": 200
    },
    "loading": {
      "mode": "blocking"
    }
  },
  "root": {
    "children": [
      {
        "meta": {
          "name": "Label"
        },
        "position": {
          "height": 0.001,
          "width": 0.999
        },
        "props": {
          "style": {
            "backgroundColor": "#C6C6C6",
            "borderColor": "#9F9F9F",
            "borderStyle": "none",
            "borderWidth": 1
          }
        },
        "type": "ia.display.label"
      },
      {
        "meta": {
          "name": "Label_0"
        },
        "position": {
          "width": 0.999,
          "y": 0.0417
        },
        "propConfig": {
          "position.height": {
            "binding": {
              "config": {
                "expression": "{view.custom.labelWidth}"
              },
              "type": "expr"
            }
          }
        },
        "props": {
          "style": {
            "backgroundColor": "#C6C6C6",
            "borderColor": "#9F9F9F",
            "borderStyle": "none",
            "borderWidth": 1
          }
        },
        "type": "ia.display.label"
      },
      {
        "meta": {
          "name": "Label_1"
        },
        "position": {
          "width": 0.999,
          "y": 0.0833
        },
        "propConfig": {
          "position.height": {
            "binding": {
              "config": {
                "expression": "{view.custom.labelWidth}"
              },
              "type": "expr"
            }
          }
        },
        "props": {
          "style": {
            "backgroundColor": "#C6C6C6",
            "borderColor": "#9F9F9F",
            "borderStyle": "none",
            "borderWidth": 1
          }
        },
        "type": "ia.display.label"
      },
      {
        "meta": {
          "name": "Label_2"
        },
        "position": {
          "width": 0.999,
          "y": 0.125
        },
        "propConfig": {
          "position.height": {
            "binding": {
              "config": {
                "expression": "{view.custom.labelWidth}"
              },
              "type": "expr"
            }
          }
        },
        "props": {
          "style": {
            "backgroundColor": "#C6C6C6",
            "borderColor": "#9F9F9F",
            "borderStyle": "none",
            "borderWidth": 1
          }
        },
        "type": "ia.display.label"
      },
      {
        "meta": {
          "name": "Label_3"
        },
        "position": {
          "width": 0.999,
          "y": 0.1667
        },
        "propConfig": {
          "position.height": {
            "binding": {
              "config": {
                "expression": "{view.custom.labelWidth}"
              },
              "type": "expr"
            }
          }
        },
        "props": {
          "style": {
            "backgroundColor": "#C6C6C6",
            "borderColor": "#9F9F9F",
            "borderStyle": "none",
            "borderWidth": 1
          }
        },
        "type": "ia.display.label"
      },
      {
        "meta": {
          "name": "Label_4"
        },
        "position": {
          "width": 0.999,
          "y": 0.2083
        },
        "propConfig": {
          "position.height": {
            "binding": {
              "config": {
                "expression": "{view.custom.labelWidth}"
              },
              "type": "expr"
            }
          }
        },
        "props": {
          "style": {
            "backgroundColor": "#C6C6C6",
            "borderColor": "#9F9F9F",
            "borderStyle": "none",
            "borderWidth": 1
          }
        },
        "type": "ia.display.label"
      },
      {
        "meta": {
          "name": "Label_5"
        },
        "position": {
          "width": 0.999,
          "y": 0.25
        },
        "propConfig": {
          "position.height": {
            "binding": {
              "config": {
                "expression": "{view.custom.labelWidth}"
              },
              "type": "expr"
            }
          }
        },
        "props": {
          "style": {
            "backgroundColor": "#C6C6C6",
            "borderColor": "#9F9F9F",
            "borderStyle": "none",
            "borderWidth": 1
          }
        },
        "type": "ia.display.label"
      },
      {
        "meta": {
          "name": "Label_6"
        },
        "position": {
          "width": 0.999,
          "y": 0.2917
        },
        "propConfig": {
          "position.height": {
            "binding": {
              "config": {
                "expression": "{view.custom.labelWidth}"
              },
              "type": "expr"
            }
          }
        },
        "props": {
          "style": {
            "backgroundColor": "#C6C6C6",
            "borderColor": "#9F9F9F",
            "borderStyle": "none",
            "borderWidth": 1
          }
        },
        "type": "ia.display.label"
      },
      {
        "meta": {
          "name": "Label_7"
        },
        "position": {
          "width": 0.999,
          "y": 0.3333
        },
        "propConfig": {
          "position.height": {
            "binding": {
              "config": {
                "expression": "{view.custom.labelWidth}"
              },
              "type": "expr"
            }
          }
        },
        "props": {
          "style": {
            "backgroundColor": "#C6C6C6",
            "borderColor": "#9F9F9F",
            "borderStyle": "none",
            "borderWidth": 1
          }
        },
        "type": "ia.display.label"
      },
      {
        "meta": {
          "name": "Label_8"
        },
        "position": {
          "width": 0.999,
          "y": 0.375
        },
        "propConfig": {
          "position.height": {
            "binding": {
              "config": {
                "expression": "{view.custom.labelWidth}"
              },
              "type": "expr"
            }
          }
        },
        "props": {
          "style": {
            "backgroundColor": "#C6C6C6",
            "borderColor": "#9F9F9F",
            "borderStyle": "none",
            "borderWidth": 1
          }
        },
        "type": "ia.display.label"
      },
      {
        "meta": {
          "name": "Label_9"
        },
        "position": {
          "width": 0.999,
          "y": 0.4167
        },
        "propConfig": {
          "position.height": {
            "binding": {
              "config": {
                "expression": "{view.custom.labelWidth}"
              },
              "type": "expr"
            }
          }
        },
        "props": {
          "style": {
            "backgroundColor": "#C6C6C6",
            "borderColor": "#9F9F9F",
            "borderStyle": "none",
            "borderWidth": 1
          }
        },
        "type": "ia.display.label"
      },
      {
        "meta": {
          "name": "Label_10"
        },
        "position": {
          "width": 0.999,
          "y": 0.4583
        },
        "propConfig": {
          "position.height": {
            "binding": {
              "config": {
                "expression": "{view.custom.labelWidth}"
              },
              "type": "expr"
            }
          }
        },
        "props": {
          "style": {
            "backgroundColor": "#C6C6C6",
            "borderColor": "#9F9F9F",
            "borderStyle": "none",
            "borderWidth": 1
          }
        },
        "type": "ia.display.label"
      },
      {
        "meta": {
          "name": "Label_11"
        },
        "position": {
          "width": 0.999,
          "y": 0.5
        },
        "propConfig": {
          "position.height": {
            "binding": {
              "config": {
                "expression": "{view.custom.labelWidth}"
              },
              "type": "expr"
            }
          }
        },
        "props": {
          "style": {
            "backgroundColor": "#C6C6C6",
            "borderColor": "#9F9F9F",
            "borderStyle": "none",
            "borderWidth": 1
          }
        },
        "type": "ia.display.label"
      },
      {
        "meta": {
          "name": "Label_12"
        },
        "position": {
          "width": 0.999,
          "y": 0.5417
        },
        "propConfig": {
          "position.height": {
            "binding": {
              "config": {
                "expression": "{view.custom.labelWidth}"
              },
              "type": "expr"
            }
          }
        },
        "props": {
          "style": {
            "backgroundColor": "#C6C6C6",
            "borderColor": "#9F9F9F",
            "borderStyle": "none",
            "borderWidth": 1
          }
        },
        "type": "ia.display.label"
      },
      {
        "meta": {
          "name": "Label_13"
        },
        "position": {
          "width": 0.999,
          "y": 0.5833
        },
        "propConfig": {
          "position.height": {
            "binding": {
              "config": {
                "expression": "{view.custom.labelWidth}"
              },
              "type": "expr"
            }
          }
        },
        "props": {
          "style": {
            "backgroundColor": "#C6C6C6",
            "borderColor": "#9F9F9F",
            "borderStyle": "none",
            "borderWidth": 1
          }
        },
        "type": "ia.display.label"
      },
      {
        "meta": {
          "name": "Label_14"
        },
        "position": {
          "width": 0.999,
          "y": 0.625
        },
        "propConfig": {
          "position.height": {
            "binding": {
              "config": {
                "expression": "{view.custom.labelWidth}"
              },
              "type": "expr"
            }
          }
        },
        "props": {
          "style": {
            "backgroundColor": "#C6C6C6",
            "borderColor": "#9F9F9F",
            "borderStyle": "none",
            "borderWidth": 1
          }
        },
        "type": "ia.display.label"
      },
      {
        "meta": {
          "name": "Label_15"
        },
        "position": {
          "width": 0.999,
          "y": 0.6667
        },
        "propConfig": {
          "position.height": {
            "binding": {
              "config": {
                "expression": "{view.custom.labelWidth}"
              },
              "type": "expr"
            }
          }
        },
        "props": {
          "style": {
            "backgroundColor": "#C6C6C6",
            "borderColor": "#9F9F9F",
            "borderStyle": "none",
            "borderWidth": 1
          }
        },
        "type": "ia.display.label"
      },
      {
        "meta": {
          "name": "Label_16"
        },
        "position": {
          "width": 0.999,
          "y": 0.7083
        },
        "propConfig": {
          "position.height": {
            "binding": {
              "config": {
                "expression": "{view.custom.labelWidth}"
              },
              "type": "expr"
            }
          }
        },
        "props": {
          "style": {
            "backgroundColor": "#C6C6C6",
            "borderColor": "#9F9F9F",
            "borderStyle": "none",
            "borderWidth": 1
          }
        },
        "type": "ia.display.label"
      },
      {
        "meta": {
          "name": "Label_17"
        },
        "position": {
          "width": 0.999,
          "y": 0.75
        },
        "propConfig": {
          "position.height": {
            "binding": {
              "config": {
                "expression": "{view.custom.labelWidth}"
              },
              "type": "expr"
            }
          }
        },
        "props": {
          "style": {
            "backgroundColor": "#C6C6C6",
            "borderColor": "#9F9F9F",
            "borderStyle": "none",
            "borderWidth": 1
          }
        },
        "type": "ia.display.label"
      },
      {
        "meta": {
          "name": "Label_18"
        },
        "position": {
          "width": 0.999,
          "y": 0.7917
        },
        "propConfig": {
          "position.height": {
            "binding": {
              "config": {
                "expression": "{view.custom.labelWidth}"
              },
              "type": "expr"
            }
          }
        },
        "props": {
          "style": {
            "backgroundColor": "#C6C6C6",
            "borderColor": "#9F9F9F",
            "borderStyle": "none",
            "borderWidth": 1
          }
        },
        "type": "ia.display.label"
      },
      {
        "meta": {
          "name": "Label_19"
        },
        "position": {
          "width": 0.999,
          "y": 0.8333
        },
        "propConfig": {
          "position.height": {
            "binding": {
              "config": {
                "expression": "{view.custom.labelWidth}"
              },
              "type": "expr"
            }
          }
        },
        "props": {
          "style": {
            "backgroundColor": "#C6C6C6",
            "borderColor": "#9F9F9F",
            "borderStyle": "none",
            "borderWidth": 1
          }
        },
        "type": "ia.display.label"
      },
      {
        "meta": {
          "name": "Label_20"
        },
        "position": {
          "width": 0.999,
          "y": 0.875
        },
        "propConfig": {
          "position.height": {
            "binding": {
              "config": {
                "expression": "{view.custom.labelWidth}"
              },
              "type": "expr"
            }
          }
        },
        "props": {
          "style": {
            "backgroundColor": "#C6C6C6",
            "borderColor": "#9F9F9F",
            "borderStyle": "none",
            "borderWidth": 1
          }
        },
        "type": "ia.display.label"
      },
      {
        "meta": {
          "name": "Label_21"
        },
        "position": {
          "width": 0.999,
          "y": 0.9167
        },
        "propConfig": {
          "position.height": {
            "binding": {
              "config": {
                "expression": "{view.custom.labelWidth}"
              },
              "type": "expr"
            }
          }
        },
        "props": {
          "style": {
            "backgroundColor": "#C6C6C6",
            "borderColor": "#9F9F9F",
            "borderStyle": "none",
            "borderWidth": 1
          }
        },
        "type": "ia.display.label"
      },
      {
        "meta": {
          "name": "Label_22"
        },
        "position": {
          "width": 0.999,
          "y": 0.9583
        },
        "propConfig": {
          "position.height": {
            "binding": {
              "config": {
                "expression": "{view.custom.labelWidth}"
              },
              "type": "expr"
            }
          }
        },
        "props": {
          "style": {
            "backgroundColor": "#C6C6C6",
            "borderColor": "#9F9F9F",
            "borderStyle": "none",
            "borderWidth": 1
          }
        },
        "type": "ia.display.label"
      },
      {
        "meta": {
          "name": "Label_23"
        },
        "position": {
          "height": 0.999,
          "width": 0.01,
          "x": 0.001
        },
        "props": {
          "style": {
            "backgroundColor": "#C6C6C6",
            "borderColor": "#9F9F9F",
            "borderStyle": "none",
            "borderWidth": 1
          }
        },
        "type": "ia.display.label"
      },
      {
        "meta": {
          "name": "Plage1"
        },
        "position": {
          "height": 0,
          "width": 0.6,
          "x": 0.2
        },
        "props": {
          "style": {
            "backgroundColor": "#7EAFDD",
            "borderBottomLeftRadius": 5,
            "borderBottomRightRadius": 5,
            "borderStyle": "none",
            "borderTopLeftRadius": 5,
            "borderTopRightRadius": 5
          },
          "text": ""
        },
        "type": "ia.input.button"
      },
      {
        "meta": {
          "name": "Plage2"
        },
        "position": {
          "height": 0,
          "width": 0.6,
          "x": 0.2
        },
        "props": {
          "style": {
            "backgroundColor": "#7EAFDD",
            "borderBottomLeftRadius": 5,
            "borderBottomRightRadius": 5,
            "borderStyle": "none",
            "borderTopLeftRadius": 5,
            "borderTopRightRadius": 5
          },
          "text": ""
        },
        "type": "ia.input.button"
      },
      {
        "meta": {
          "name": "Plage3"
        },
        "position": {
          "height": 0,
          "width": 0.6,
          "x": 0.2
        },
        "props": {
          "style": {
            "backgroundColor": "#7EAFDD",
            "borderBottomLeftRadius": 5,
            "borderBottomRightRadius": 5,
            "borderStyle": "none",
            "borderTopLeftRadius": 5,
            "borderTopRightRadius": 5
          },
          "text": ""
        },
        "type": "ia.input.button"
      },
      {
        "meta": {
          "name": "Plage4"
        },
        "position": {
          "height": 0,
          "width": 0.6,
          "x": 0.2
        },
        "props": {
          "style": {
            "backgroundColor": "#7EAFDD",
            "borderBottomLeftRadius": 5,
            "borderBottomRightRadius": 5,
            "borderStyle": "none",
            "borderTopLeftRadius": 5,
            "borderTopRightRadius": 5
          },
          "text": ""
        },
        "type": "ia.input.button"
      }
    ],
    "meta": {
      "name": "root"
    },
    "props": {
      "mode": "percent"
    },
    "type": "ia.container.coord"
  }
}