{
  "custom": {},
  "params": {
    "Acces": "Ville - Exploitant",
    "Security": false,
    "database": "Ignition",
    "equipement": "Aucun",
    "groupe": "Aucun",
    "site": "Site"
  },
  "propConfig": {
    "custom.Update": {
      "persistent": true
    },
    "params.Acces": {
      "paramDirection": "input",
      "persistent": true
    },
    "params.Security": {
      "paramDirection": "input",
      "persistent": true
    },
    "params.database": {
      "paramDirection": "input",
      "persistent": true
    },
    "params.equipement": {
      "paramDirection": "input",
      "persistent": true
    },
    "params.groupe": {
      "paramDirection": "input",
      "persistent": true
    },
    "params.site": {
      "paramDirection": "input",
      "persistent": true
    }
  },
  "props": {
    "defaultSize": {
      "height": 630
    }
  },
  "root": {
    "children": [
      {
        "meta": {
          "name": "Dates"
        },
        "position": {
          "height": 0.5286,
          "width": 0.705,
          "x": 0.01,
          "y": 0.1653
        },
        "propConfig": {
          "props.data": {
            "binding": {
              "config": {
                "expression": "runScript(\r\n\t\"Planning.Perspective.Exceptions.get_exception_dates\",\r\n\t1000,\r\n\t{view.params.database},\r\n\t{view.params.site},\r\n\t{../Dropdown_Groupe.props.value},\r\n\t{../Dropdown_Equip.props.value}\r\n)"
              },
              "type": "expr"
            }
          }
        },
        "props": {
          "cells": {
            "allowEditOn": "long-press"
          },
          "columns": [
            {
              "align": "center",
              "boolean": "checkbox",
              "dateFormat": "MM/DD/YYYY",
              "editable": false,
              "field": "start_date",
              "footer": {
                "align": "center",
                "justify": "left",
                "style": {
                  "classes": ""
                },
                "title": ""
              },
              "header": {
                "align": "center",
                "justify": "center",
                "style": {
                  "classes": "",
                  "fontWeight": "bold"
                },
                "title": "Commence le"
              },
              "justify": "center",
              "number": "value",
              "numberFormat": "0,0.##",
              "progressBar": {
                "bar": {
                  "color": "",
                  "style": {
                    "classes": ""
                  }
                },
                "max": 100,
                "min": 0,
                "track": {
                  "color": "",
                  "style": {
                    "classes": ""
                  }
                },
                "value": {
                  "enabled": true,
                  "format": "0,0.##",
                  "justify": "center",
                  "style": {
                    "classes": ""
                  }
                }
              },
              "render": "auto",
              "resizable": false,
              "sort": "none",
              "sortable": false,
              "strictWidth": false,
              "style": {
                "classes": ""
              },
              "toggleSwitch": {
                "color": {
                  "selected": "",
                  "unselected": ""
                }
              },
              "viewParams": {},
              "viewPath": "",
              "visible": true,
              "width": ""
            },
            {
              "align": "center",
              "boolean": "checkbox",
              "dateFormat": "MM/DD/YYYY",
              "editable": false,
              "field": "end_date",
              "footer": {
                "align": "center",
                "justify": "left",
                "style": {
                  "classes": ""
                },
                "title": ""
              },
              "header": {
                "align": "center",
                "justify": "center",
                "style": {
                  "classes": "",
                  "fontWeight": "bold"
                },
                "title": "Termine le"
              },
              "justify": "center",
              "number": "value",
              "numberFormat": "0,0.##",
              "progressBar": {
                "bar": {
                  "color": "",
                  "style": {
                    "classes": ""
                  }
                },
                "max": 100,
                "min": 0,
                "track": {
                  "color": "",
                  "style": {
                    "classes": ""
                  }
                },
                "value": {
                  "enabled": true,
                  "format": "0,0.##",
                  "justify": "center",
                  "style": {
                    "classes": ""
                  }
                }
              },
              "render": "auto",
              "resizable": false,
              "sort": "none",
              "sortable": false,
              "strictWidth": false,
              "style": {
                "classes": ""
              },
              "toggleSwitch": {
                "color": {
                  "selected": "",
                  "unselected": ""
                }
              },
              "viewParams": {},
              "viewPath": "",
              "visible": true,
              "width": ""
            },
            {
              "align": "center",
              "boolean": "checkbox",
              "dateFormat": "MM/DD/YYYY",
              "editable": false,
              "field": "comment",
              "footer": {
                "align": "center",
                "justify": "left",
                "style": {
                  "classes": ""
                },
                "title": ""
              },
              "header": {
                "align": "center",
                "justify": "center",
                "style": {
                  "classes": "",
                  "fontWeight": "bold"
                },
                "title": "Commentaire"
              },
              "justify": "center",
              "number": "value",
              "numberFormat": "0,0.##",
              "progressBar": {
                "bar": {
                  "color": "",
                  "style": {
                    "classes": ""
                  }
                },
                "max": 100,
                "min": 0,
                "track": {
                  "color": "",
                  "style": {
                    "classes": ""
                  }
                },
                "value": {
                  "enabled": true,
                  "format": "0,0.##",
                  "justify": "center",
                  "style": {
                    "classes": ""
                  }
                }
              },
              "render": "auto",
              "resizable": false,
              "sort": "none",
              "sortable": false,
              "strictWidth": false,
              "style": {
                "classes": ""
              },
              "toggleSwitch": {
                "color": {
                  "selected": "",
                  "unselected": ""
                }
              },
              "viewParams": {},
              "viewPath": "",
              "visible": true,
              "width": ""
            }
          ],
          "pager": {
            "bottom": false
          },
          "rows": {
            "highlight": {
              "enabled": false
            },
            "subviewExpansionMode": "single"
          }
        },
        "type": "ia.display.table"
      },
      {
        "meta": {
          "name": "Fond"
        },
        "position": {
          "height": 0.7556,
          "width": 0.2612,
          "x": 0.7326,
          "y": 0.22
        },
        "propConfig": {
          "meta.visible": {
            "binding": {
              "config": {
                "expression": "forceQuality(\r\n\t!isNull({../Dates.props.selection.selectedRow})\r\n\t||\r\n\t{../Dates.props.selection.selectedRow} \u003e\u003d 0,\r\n\t192\r\n)"
              },
              "type": "expr"
            }
          }
        },
        "props": {
          "style": {
            "backgroundColor": "#FCFCFC",
            "borderBottomLeftRadius": 5,
            "borderBottomRightRadius": 5,
            "borderTopLeftRadius": 5,
            "borderTopRightRadius": 5,
            "classes": "AF_Mesure_2",
            "textAlign": "center"
          }
        },
        "type": "ia.display.label"
      },
      {
        "meta": {
          "name": "Label_Equip"
        },
        "position": {
          "height": 0.0603,
          "width": 0.3287,
          "x": 0.3858,
          "y": 0.0139
        },
        "props": {
          "style": {
            "classes": "Plannings/text_size",
            "textAlign": "center"
          },
          "text": "Equipement"
        },
        "type": "ia.display.label"
      },
      {
        "meta": {
          "name": "Label_Groupe"
        },
        "position": {
          "height": 0.0603,
          "rotate": {
            "anchor": "50% 25%"
          },
          "width": 0.3288,
          "x": 0.01,
          "y": 0.0139
        },
        "props": {
          "style": {
            "classes": "Plannings/text_size",
            "textAlign": "center"
          },
          "text": "Groupe"
        },
        "type": "ia.display.label"
      },
      {
        "meta": {
          "name": "Label_Dates"
        },
        "position": {
          "height": 0.0839,
          "width": 0.2625,
          "x": 0.7302,
          "y": 0.1252
        },
        "propConfig": {
          "meta.visible": {
            "binding": {
              "config": {
                "expression": "forceQuality(\r\n\t!isNull({../Dates.props.selection.selectedRow})\r\n\t||\r\n\t{../Dates.props.selection.selectedRow} \u003e\u003d 0,\r\n\t192\r\n)"
              },
              "type": "expr"
            }
          },
          "props.text": {
            "binding": {
              "config": {
                "expression": "{../Dates.props.selection.data[0].start_date} + \u0027 au \u0027 + {../Dates.props.selection.data[0].end_date}"
              },
              "type": "expr"
            }
          }
        },
        "props": {
          "style": {
            "classes": "Templates/Plannings/text_size",
            "textAlign": "center"
          }
        },
        "type": "ia.display.label"
      },
      {
        "events": {
          "component": {
            "onActionPerformed": {
              "config": {
                "script": "\tself.getSibling(\"Dropdown_Equip\").props.value \u003d self.getSibling(\"Dropdown_Equip\").props.options[-1].value"
              },
              "scope": "G",
              "type": "script"
            }
          }
        },
        "meta": {
          "name": "Dropdown_Groupe"
        },
        "position": {
          "height": 0.0603,
          "width": 0.3325,
          "x": 0.01,
          "y": 0.08
        },
        "propConfig": {
          "props.options": {
            "binding": {
              "config": {
                "expression": "runScript(\r\n\t\"Planning.Perspective.Dropdown.get_groupes\",\r\n\t0,\r\n\t{view.params.database},\r\n\t{view.params.site}\r\n)"
              },
              "type": "expr"
            }
          },
          "props.value": {
            "binding": {
              "config": {
                "expression": "{view.params.groupe}"
              },
              "type": "expr"
            },
            "onChange": {
              "enabled": null,
              "script": "\tdatabase \u003d self.view.params.database\n\tsite \u003d self.view.params.site\n\tgroupe \u003d self.props.value\n\t\n\tlist_equipements \u003d Planning.Perspective.Dropdown.get_equipements(database, site, groupe)\n\tself.getSibling(\"Dropdown_Equip\").props.options \u003d list_equipements\n\t#self.getSibling(\"Dropdown_Equip\").props.value \u003d list_equipements[-1][\u0027value\u0027]"
            }
          }
        },
        "props": {
          "dropdownOptionStyle": {
            "classes": "AF_Mesure_2"
          },
          "style": {
            "classes": "Plannings/text_size"
          }
        },
        "type": "ia.input.dropdown"
      },
      {
        "meta": {
          "name": "Dropdown_Equip"
        },
        "position": {
          "height": 0.0603,
          "width": 0.33,
          "x": 0.3844,
          "y": 0.08
        },
        "propConfig": {
          "props.options": {
            "binding": {
              "config": {
                "expression": "runScript(\r\n\t\"Planning.Perspective.Dropdown.get_equipements\",\r\n\t0,\r\n\t{view.params.database},\r\n\t{view.params.site},\r\n\t{../Dropdown_Groupe.props.value}\r\n)"
              },
              "type": "expr"
            }
          },
          "props.value": {
            "binding": {
              "config": {
                "expression": "{view.params.equipement}"
              },
              "type": "expr"
            }
          }
        },
        "props": {
          "dropdownOptionStyle": {
            "classes": "Plannings/text_size"
          },
          "placeholder": {
            "text": ""
          },
          "style": {
            "classes": "Plannings/text_size"
          }
        },
        "type": "ia.input.dropdown"
      },
      {
        "meta": {
          "name": "EmbeddedView_hours"
        },
        "position": {
          "height": 0.7404,
          "rotate": {
            "anchor": "830% 25%"
          },
          "width": 0.0813,
          "x": 0.7336,
          "y": 0.2252
        },
        "propConfig": {
          "meta.visible": {
            "binding": {
              "config": {
                "expression": "forceQuality(\r\n\t!isNull({../Dates.props.selection.selectedRow})\r\n\t||\r\n\t{../Dates.props.selection.selectedRow} \u003e\u003d 0,\r\n\t192\r\n)"
              },
              "type": "expr"
            }
          }
        },
        "props": {
          "params": {
            "Vue_impair": false,
            "Vue_trait": false
          },
          "path": "Utils/Plannings/Hours_embed",
          "style": {
            "backgroundColor": "#FCFCFC",
            "borderBottomLeftRadius": 5,
            "borderBottomRightRadius": 5,
            "borderTopLeftRadius": 5,
            "borderTopRightRadius": 5,
            "classes": "Plannings/text_size"
          }
        },
        "type": "ia.display.view"
      },
      {
        "events": {
          "dom": {
            "onClick": {
              "config": {
                "script": "\tdate_deb \u003d self.getSibling(\"Dates\").props.selection.data[0].start_date\n\tdate_fin \u003d self.getSibling(\"Dates\").props.selection.data[0].end_date\n\t\n\tAcces\u003dFalse\t\n\ttry:\n\t\tfor Liste in self.session.props.auth.user.roles:\n\t\t\tif Liste in self.view.params.Acces or Liste\u003d\u003d\"Administrateur\":\n\t\t\t\tAcces\u003dTrue\n\texcept:\n\t\tpass\n\tif self.view.params.Security\u003d\u003dFalse or Acces\u003d\u003dTrue:\n\t\tsystem.perspective.openPopup(\n\t\t\t\u0027uJUhJcOb\u0027,\n\t\t\t\u0027Utils/Plannings/Popup_Edition\u0027,\n\t\t\tparams \u003d {\n\t\t\t\t\u0027database\u0027: self.view.params.database,\n\t\t\t\t\u0027date_deb\u0027: date_deb,\n\t\t\t\t\u0027date_fin\u0027: date_fin,\n\t\t\t\t\u0027equipement\u0027: self.getSibling(\"Dropdown_Equip\").props.value,\n\t\t\t\t\u0027groupe\u0027: self.getSibling(\"Dropdown_Groupe\").props.value,\n\t\t\t\t\u0027site\u0027: self.view.params.site,\n\t\t\t\t\u0027num_jour\u0027: 0,\n\t\t\t\t},\n\t\t\ttitle \u003d u\u0027Gestion des dérogations\u0027,\n\t\t\tshowCloseIcon \u003d True,\n\t\t\tresizable \u003d True,\n\t\t\tmodal \u003d True\n\t\t\t)"
              },
              "scope": "G",
              "type": "script"
            }
          }
        },
        "meta": {
          "name": "EmbeddedView_day"
        },
        "position": {
          "height": 0.7418,
          "width": 0.165,
          "x": 0.82,
          "y": 0.2252
        },
        "propConfig": {
          "meta.visible": {
            "binding": {
              "config": {
                "expression": "forceQuality(\r\n\t!isNull({../Dates.props.selection.selectedRow})\r\n\t||\r\n\t{../Dates.props.selection.selectedRow} \u003e\u003d 0,\r\n\t192\r\n)"
              },
              "type": "expr"
            }
          },
          "props.params.dataset": {
            "binding": {
              "config": {
                "expression": "if({../Plages.meta.visible}, {../Plages.props.data}, {../Plages.custom.empty})"
              },
              "type": "expr"
            }
          }
        },
        "props": {
          "path": "Utils/Plannings/Day_embed",
          "style": {
            "cursor": "pointer"
          }
        },
        "type": "ia.display.view"
      },
      {
        "custom": {
          "empty": {
            "$": [
              "ds",
              192,
              1642417041644
            ],
            "$columns": [
              {
                "data": [
                  1,
                  2,
                  3,
                  4
                ],
                "name": "plage",
                "type": "Integer"
              },
              {
                "data": [
                  "00:00",
                  "00:00",
                  "00:00",
                  "00:00"
                ],
                "name": "start",
                "type": "String"
              },
              {
                "data": [
                  "00:00",
                  "00:00",
                  "00:00",
                  "00:00"
                ],
                "name": "end",
                "type": "String"
              }
            ]
          }
        },
        "meta": {
          "name": "Plages"
        },
        "position": {
          "height": 0.2571,
          "width": 0.705,
          "x": 0.01,
          "y": 0.7123
        },
        "propConfig": {
          "meta.visible": {
            "binding": {
              "config": {
                "expression": "forceQuality(\r\n\t!isNull({../Dates.props.selection.selectedRow})\r\n\t||\r\n\t{../Dates.props.selection.selectedRow} \u003e\u003d 0,\r\n\t192\r\n)"
              },
              "type": "expr"
            }
          },
          "props.data": {
            "binding": {
              "config": {
                "expression": "runScript(\r\n\t\"Planning.Perspective.Exceptions.get_exception_plages\",\r\n\t1000,\r\n\t{view.params.database},\r\n\t{view.params.site},\r\n\t{../Dropdown_Groupe.props.value},\r\n\t{../Dropdown_Equip.props.value},\r\n\t{../Dates.props.selection.data[0].start_date},\r\n\t{../Dates.props.selection.data[0].end_date}\r\n)"
              },
              "type": "expr"
            }
          }
        },
        "props": {
          "columns": [
            {
              "align": "center",
              "boolean": "checkbox",
              "dateFormat": "MM/DD/YYYY",
              "editable": false,
              "field": "plage",
              "footer": {
                "align": "center",
                "justify": "left",
                "style": {
                  "classes": ""
                },
                "title": ""
              },
              "header": {
                "align": "center",
                "justify": "center",
                "style": {
                  "classes": ""
                },
                "title": "Plage"
              },
              "justify": "center",
              "number": "value",
              "numberFormat": "0,0.##",
              "progressBar": {
                "bar": {
                  "color": "",
                  "style": {
                    "classes": ""
                  }
                },
                "max": 100,
                "min": 0,
                "track": {
                  "color": "",
                  "style": {
                    "classes": ""
                  }
                },
                "value": {
                  "enabled": true,
                  "format": "0,0.##",
                  "justify": "center",
                  "style": {
                    "classes": ""
                  }
                }
              },
              "render": "number",
              "resizable": false,
              "sort": "none",
              "sortable": false,
              "strictWidth": false,
              "style": {
                "classes": ""
              },
              "toggleSwitch": {
                "color": {
                  "selected": "",
                  "unselected": ""
                }
              },
              "viewParams": {},
              "viewPath": "",
              "visible": true,
              "width": 60
            },
            {
              "align": "center",
              "boolean": "checkbox",
              "dateFormat": "MM/DD/YYYY",
              "editable": false,
              "field": "start",
              "footer": {
                "align": "center",
                "justify": "left",
                "style": {
                  "classes": ""
                },
                "title": ""
              },
              "header": {
                "align": "center",
                "justify": "center",
                "style": {
                  "classes": ""
                },
                "title": "Heure de début"
              },
              "justify": "center",
              "number": "value",
              "numberFormat": "0,0.##",
              "progressBar": {
                "bar": {
                  "color": "",
                  "style": {
                    "classes": ""
                  }
                },
                "max": 100,
                "min": 0,
                "track": {
                  "color": "",
                  "style": {
                    "classes": ""
                  }
                },
                "value": {
                  "enabled": true,
                  "format": "0,0.##",
                  "justify": "center",
                  "style": {
                    "classes": ""
                  }
                }
              },
              "render": "string",
              "resizable": false,
              "sort": "none",
              "sortable": false,
              "strictWidth": false,
              "style": {
                "classes": ""
              },
              "toggleSwitch": {
                "color": {
                  "selected": "",
                  "unselected": ""
                }
              },
              "viewParams": {},
              "viewPath": "",
              "visible": true,
              "width": 120
            },
            {
              "align": "center",
              "boolean": "checkbox",
              "dateFormat": "MM/DD/YYYY",
              "editable": false,
              "field": "end",
              "footer": {
                "align": "center",
                "justify": "left",
                "style": {
                  "classes": ""
                },
                "title": ""
              },
              "header": {
                "align": "center",
                "justify": "center",
                "style": {
                  "classes": ""
                },
                "title": "Heure de fin"
              },
              "justify": "center",
              "number": "value",
              "numberFormat": "0,0.##",
              "progressBar": {
                "bar": {
                  "color": "",
                  "style": {
                    "classes": ""
                  }
                },
                "max": 100,
                "min": 0,
                "track": {
                  "color": "",
                  "style": {
                    "classes": ""
                  }
                },
                "value": {
                  "enabled": true,
                  "format": "0,0.##",
                  "justify": "center",
                  "style": {
                    "classes": ""
                  }
                }
              },
              "render": "string",
              "resizable": false,
              "sort": "none",
              "sortable": false,
              "strictWidth": false,
              "style": {
                "classes": ""
              },
              "toggleSwitch": {
                "color": {
                  "selected": "",
                  "unselected": ""
                }
              },
              "viewParams": {},
              "viewPath": "",
              "visible": true,
              "width": 120
            }
          ],
          "headerStyle": {
            "fontWeight": "bold"
          },
          "pager": {
            "bottom": false
          },
          "selection": {
            "enableRowSelection": false
          }
        },
        "type": "ia.display.table"
      },
      {
        "events": {
          "dom": {
            "onClick": {
              "config": {
                "script": "\tdate_deb \u003d -1\n\tdate_fin \u003d -1\n\t\n\tAcces\u003dFalse\n\ttry:\n\t\tfor Liste in self.session.props.auth.user.roles:\n\t\t\tif Liste in self.view.params.Acces or Liste\u003d\u003d\"Administrateur\":\n\t\t\t\tAcces\u003dTrue\n\texcept:\n\t\tpass\n\t\t\n\tif self.view.params.Security\u003d\u003dFalse or Acces\u003d\u003dTrue:\n\t\tsystem.perspective.openPopup(\n\t\t\t\u0027uJUhJcOb\u0027,\n\t\t\t\u0027Utils/Plannings/Popup_Edition\u0027,\n\t\t\tparams \u003d {\n\t\t\t\t\u0027database\u0027: self.view.params.database,\n\t\t\t\t\u0027date_deb\u0027: date_deb,\n\t\t\t\t\u0027date_fin\u0027: date_fin,\n\t\t\t\t\u0027equipement\u0027: self.getSibling(\"Dropdown_Equip\").props.value,\n\t\t\t\t\u0027groupe\u0027: self.getSibling(\"Dropdown_Groupe\").props.value,\n\t\t\t\t\u0027site\u0027: self.view.params.site,\n\t\t\t\t\u0027num_jour\u0027: 0,\n\t\t\t\t},\n\t\t\ttitle \u003d u\u0027Gestion des dérogations\u0027,\n\t\t\tshowCloseIcon \u003d True,\n\t\t\tresizable \u003d True,\n\t\t\tmodal \u003d True\n\t\t\t)"
              },
              "scope": "G",
              "type": "script"
            }
          }
        },
        "meta": {
          "name": "EmbeddedView"
        },
        "position": {
          "height": 0.0667,
          "width": 0.1975,
          "x": 0.7625,
          "y": 0.0333
        },
        "props": {
          "params": {
            "Icone": "add",
            "Icone_color": "#FFF",
            "Texte": "Nouveau",
            "Texte_color": "#FFF"
          },
          "path": "Templates/Flex_Button",
          "style": {
            "classes": "Plannings/Button_Border\nPlannings/Button_Color\nPlannings/Button_Margin",
            "cursor": "pointer"
          }
        },
        "type": "ia.display.view"
      },
      {
        "events": {
          "dom": {
            "onClick": {
              "config": {
                "script": "\tself.getSibling(\"Dates\").props.selection.selectedRow \u003d None"
              },
              "scope": "G",
              "type": "script"
            }
          }
        },
        "meta": {
          "name": "Icon"
        },
        "position": {
          "height": 0.0476,
          "rotate": {
            "anchor": "-57% -207%"
          },
          "width": 0.0375,
          "x": 0.7225,
          "y": 0.1651
        },
        "propConfig": {
          "meta.visible": {
            "binding": {
              "config": {
                "expression": "forceQuality(\r\n\t!isNull({../Dates.props.selection.selectedRow})\r\n\t||\r\n\t{../Dates.props.selection.selectedRow} \u003e\u003d 0,\r\n\t192\r\n)"
              },
              "type": "expr"
            }
          }
        },
        "props": {
          "path": "material/visibility_off"
        },
        "type": "ia.display.icon"
      }
    ],
    "meta": {
      "name": "root"
    },
    "position": {
      "x": 0.0725,
      "y": 0
    },
    "props": {
      "mode": "percent",
      "style": {
        "backgroundColor": "#E9EDF4"
      }
    },
    "type": "ia.container.coord"
  }
}