{
  "custom": {},
  "params": {},
  "props": {
    "defaultSize": {
      "height": 150,
      "width": 329
    }
  },
  "root": {
    "children": [
      {
        "meta": {
          "name": "Label"
        },
        "position": {
          "basis": "100px"
        },
        "props": {
          "style": {
            "textAlign": "center"
          },
          "text": "Une dérogation existe déjà sur un ou plusieurs jours choisis. Veuillez modifier vos dérogations avant de réessayer."
        },
        "type": "ia.display.label"
      },
      {
        "events": {
          "dom": {
            "onClick": {
              "config": {
                "script": "\tsystem.perspective.closePopup(\u0027uJUhJcOb\u0027)\n\tsystem.perspective.closePopup(\u0027q8hqW_fc\u0027)"
              },
              "scope": "G",
              "type": "script"
            }
          }
        },
        "meta": {
          "name": "EmbeddedView_0"
        },
        "position": {
          "basis": "40px"
        },
        "props": {
          "params": {
            "Icone": "cancel",
            "Icone_color": "#ff4749dd",
            "Texte": "Fermer",
            "Texte_color": "#FFFFFF"
          },
          "path": "Templates/Flex_Button",
          "style": {
            "classes": "Plannings/Button_Border\nPlannings/Button_Color\nPlannings/Button_Margin",
            "cursor": "pointer",
            "marginBottom": 5
          }
        },
        "type": "ia.display.view"
      }
    ],
    "meta": {
      "name": "root"
    },
    "props": {
      "direction": "column"
    },
    "type": "ia.container.flex"
  }
}