{
  "custom": {
    "equipement": "Aucun",
    "equipements": [
      {
        "label": "Aucun",
        "value": "Aucun"
      }
    ],
    "groupe": "Aucun",
    "groupes": [
      {
        "label": "Aucun",
        "value": "Aucun"
      }
    ]
  },
  "params": {
    "Acces": "Ville - Exploitant",
    "Security": false,
    "database": "Ignition",
    "init": {
      "equipement": null,
      "groupe": null
    },
    "site": "Site"
  },
  "propConfig": {
    "custom.equipement": {
      "binding": {
        "config": {
          "expression": "if(\r\n\tisNull({view.params.init.equipement}),\r\n\trunScript(\r\n\t\t\"Planning.Utils.list_second_elt\",\r\n\t\t0,\r\n\t\t{view.custom.equipements}\r\n\t)[\u0027value\u0027],\r\n\t{view.params.init.equipement}\r\n)"
        },
        "type": "expr"
      },
      "persistent": true
    },
    "custom.equipements": {
      "binding": {
        "config": {
          "expression": "runScript(\r\n\t\"Planning.Perspective.Dropdown.get_equipements\",\r\n\t0,\r\n\t{view.params.database},\r\n\t{view.params.site},\r\n\t{view.custom.groupe}\r\n)"
        },
        "type": "expr"
      },
      "persistent": true
    },
    "custom.groupe": {
      "binding": {
        "config": {
          "expression": "if(\r\n\tisNull({view.params.init.groupe}),\r\n\t{view.custom.groupes[0].value},\r\n\t{view.params.init.groupe}\r\n)"
        },
        "type": "expr"
      },
      "persistent": true
    },
    "custom.groupes": {
      "binding": {
        "config": {
          "expression": "runScript(\r\n\t\"Planning.Perspective.Dropdown.get_groupes\",\r\n\t0,\r\n\t{view.params.database},\r\n\t{view.params.site}\r\n)"
        },
        "type": "expr"
      },
      "persistent": true
    },
    "params.Acces": {
      "paramDirection": "input",
      "persistent": true
    },
    "params.Security": {
      "paramDirection": "input",
      "persistent": true
    },
    "params.database": {
      "paramDirection": "input",
      "persistent": true
    },
    "params.init": {
      "paramDirection": "input",
      "persistent": true
    },
    "params.site": {
      "paramDirection": "input",
      "persistent": true
    }
  },
  "props": {
    "defaultSize": {
      "height": 600,
      "width": 900
    }
  },
  "root": {
    "children": [
      {
        "meta": {
          "name": "EmbeddedView"
        },
        "position": {
          "grow": 1
        },
        "propConfig": {
          "props.params.Acces": {
            "binding": {
              "config": {
                "path": "view.params.Acces"
              },
              "type": "property"
            }
          },
          "props.params.Security": {
            "binding": {
              "config": {
                "path": "view.params.Security"
              },
              "type": "property"
            }
          },
          "props.params.database": {
            "binding": {
              "config": {
                "path": "view.params.database"
              },
              "type": "property"
            }
          },
          "props.params.init.equipement": {
            "binding": {
              "config": {
                "path": "view.custom.equipement"
              },
              "type": "property"
            }
          },
          "props.params.init.groupe": {
            "binding": {
              "config": {
                "path": "view.custom.groupe"
              },
              "type": "property"
            }
          },
          "props.params.site": {
            "binding": {
              "config": {
                "path": "view.params.site"
              },
              "type": "property"
            }
          }
        },
        "props": {
          "params": {
            "init": {}
          },
          "path": "Utils/Plannings/PlanningsTabs"
        },
        "type": "ia.display.view"
      }
    ],
    "meta": {
      "name": "root"
    },
    "props": {
      "direction": "column"
    },
    "type": "ia.container.flex"
  }
}