{
  "custom": {},
  "params": {
    "Acces": "Ville - Exploitant",
    "Security": false,
    "database": "Ignition",
    "equipement": "Aucun",
    "groupe": "Aucun",
    "site": "Site"
  },
  "propConfig": {
    "params.Acces": {
      "paramDirection": "input",
      "persistent": true
    },
    "params.Security": {
      "paramDirection": "input",
      "persistent": true
    },
    "params.database": {
      "paramDirection": "input",
      "persistent": true
    },
    "params.equipement": {
      "paramDirection": "input",
      "persistent": true
    },
    "params.groupe": {
      "paramDirection": "input",
      "persistent": true
    },
    "params.site": {
      "paramDirection": "input",
      "persistent": true
    }
  },
  "props": {
    "defaultSize": {
      "height": 600
    }
  },
  "root": {
    "children": [
      {
        "meta": {
          "name": "fond_blanc"
        },
        "position": {
          "height": 0.8579,
          "width": 0.9812,
          "x": 0.0059,
          "y": 0.1146
        },
        "props": {
          "style": {
            "backgroundColor": "#FCFCFC",
            "borderBottomLeftRadius": 5,
            "borderBottomRightRadius": 5,
            "borderTopLeftRadius": 5,
            "borderTopRightRadius": 5,
            "classes": "AF_Mesure_2",
            "textAlign": "center"
          }
        },
        "type": "ia.display.label"
      },
      {
        "events": {
          "component": {
            "onActionPerformed": {
              "config": {
                "script": "\tself.getSibling(\"Dropdown_equipements\").props.value \u003d self.getSibling(\"Dropdown_equipements\").props.options[-1].value"
              },
              "scope": "G",
              "type": "script"
            }
          }
        },
        "meta": {
          "name": "Dropdown_groupe"
        },
        "position": {
          "height": 0.046,
          "width": 0.3,
          "x": 0.0298,
          "y": 0.0507
        },
        "propConfig": {
          "props.options": {
            "binding": {
              "config": {
                "expression": "runScript(\r\n\t\"Planning.Perspective.Dropdown.get_groupes\",\r\n\t0,\r\n\t{view.params.database},\r\n\t{view.params.site}\r\n)"
              },
              "type": "expr"
            }
          },
          "props.value": {
            "binding": {
              "config": {
                "expression": "{view.params.groupe}"
              },
              "type": "expr"
            },
            "onChange": {
              "enabled": null,
              "script": "\tdatabase \u003d self.view.params.database\n\tsite \u003d self.view.params.site\n\tgroupe \u003d self.props.value\n\t\n\tlist_equipements \u003d Planning.Perspective.Dropdown.get_equipements(database, site, groupe)\n\tself.getSibling(\"Dropdown_equipements\").props.options \u003d list_equipements\n\t#self.getSibling(\"Dropdown_equipements\").props.value \u003d list_equipements[-1][\u0027value\u0027]\n\t"
            }
          }
        },
        "props": {
          "style": {
            "classes": "Plannings/text_size"
          }
        },
        "type": "ia.input.dropdown"
      },
      {
        "meta": {
          "name": "Dropdown_equipements"
        },
        "position": {
          "height": 0.0467,
          "width": 0.3538,
          "x": 0.35,
          "y": 0.0507
        },
        "propConfig": {
          "props.options": {
            "binding": {
              "config": {
                "expression": "runScript(\r\n\t\"Planning.Perspective.Dropdown.get_equipements\",\r\n\t0,\r\n\t{view.params.database},\r\n\t{view.params.site},\r\n\t{../Dropdown_Groupe.props.value}\r\n)"
              },
              "type": "expr"
            }
          },
          "props.value": {
            "binding": {
              "config": {
                "expression": "{view.params.equipement}"
              },
              "type": "expr"
            }
          }
        },
        "props": {
          "placeholder": {
            "text": ""
          },
          "style": {
            "classes": "Plannings/text_size"
          }
        },
        "type": "ia.input.dropdown"
      },
      {
        "meta": {
          "name": "label_zone"
        },
        "position": {
          "height": 0.0366,
          "width": 0.3,
          "x": 0.0334,
          "y": 0.0061
        },
        "props": {
          "style": {
            "classes": "Plannings/text_size",
            "textAlign": "center"
          },
          "text": "Groupe"
        },
        "type": "ia.display.label"
      },
      {
        "meta": {
          "name": "label_equipement"
        },
        "position": {
          "height": 0.0367,
          "width": 0.3492,
          "x": 0.35,
          "y": 0.0061
        },
        "props": {
          "style": {
            "classes": "Plannings/text_size",
            "textAlign": "center"
          },
          "text": "Equipement"
        },
        "type": "ia.display.label"
      },
      {
        "meta": {
          "name": "label_lundi"
        },
        "position": {
          "height": 0.0395,
          "width": 0.1248,
          "x": 0.0996,
          "y": 0.1322
        },
        "props": {
          "style": {
            "classes": "Plannings/text_size",
            "textAlign": "center"
          },
          "text": "Lundi"
        },
        "type": "ia.display.label"
      },
      {
        "meta": {
          "name": "label_mardi"
        },
        "position": {
          "height": 0.0395,
          "width": 0.1248,
          "x": 0.2255,
          "y": 0.1322
        },
        "props": {
          "style": {
            "classes": "Plannings/text_size",
            "textAlign": "center"
          },
          "text": "Mardi"
        },
        "type": "ia.display.label"
      },
      {
        "meta": {
          "name": "label_mercredi"
        },
        "position": {
          "height": 0.0395,
          "width": 0.1248,
          "x": 0.3515,
          "y": 0.1322
        },
        "props": {
          "style": {
            "classes": "Plannings/text_size",
            "textAlign": "center"
          },
          "text": "Mercredi"
        },
        "type": "ia.display.label"
      },
      {
        "meta": {
          "name": "label_jeudi"
        },
        "position": {
          "height": 0.0395,
          "width": 0.1248,
          "x": 0.4749,
          "y": 0.1322
        },
        "props": {
          "style": {
            "classes": "Plannings/text_size",
            "textAlign": "center"
          },
          "text": "Jeudi"
        },
        "type": "ia.display.label"
      },
      {
        "meta": {
          "name": "label_vendredi"
        },
        "position": {
          "height": 0.0395,
          "width": 0.1248,
          "x": 0.6009,
          "y": 0.1322
        },
        "props": {
          "style": {
            "classes": "Plannings/text_size",
            "textAlign": "center"
          },
          "text": "Vendredi"
        },
        "type": "ia.display.label"
      },
      {
        "meta": {
          "name": "label_samedi"
        },
        "position": {
          "height": 0.0395,
          "width": 0.1248,
          "x": 0.7217,
          "y": 0.1322
        },
        "props": {
          "style": {
            "classes": "Plannings/text_size",
            "textAlign": "center"
          },
          "text": "Samedi"
        },
        "type": "ia.display.label"
      },
      {
        "meta": {
          "name": "label_dimanche"
        },
        "position": {
          "height": 0.0395,
          "width": 0.1248,
          "x": 0.849,
          "y": 0.1322
        },
        "props": {
          "style": {
            "classes": "Plannings/text_size",
            "textAlign": "center"
          },
          "text": "Dimanche"
        },
        "type": "ia.display.label"
      },
      {
        "meta": {
          "name": "EmbeddedView_hours"
        },
        "position": {
          "height": 0.78,
          "width": 0.0887,
          "x": 0.01,
          "y": 0.185
        },
        "props": {
          "params": {
            "Vue_impair": false,
            "Vue_trait": false
          },
          "path": "Utils/Plannings/Hours_embed",
          "style": {
            "backgroundColor": "#FCFCFC",
            "borderBottomLeftRadius": 5,
            "borderBottomRightRadius": 5,
            "borderTopLeftRadius": 5,
            "borderTopRightRadius": 5,
            "classes": "Plannings/text_size"
          }
        },
        "type": "ia.display.view"
      },
      {
        "custom": {
          "num_jour": 1
        },
        "events": {
          "dom": {
            "onClick": {
              "config": {
                "script": "\tAcces\u003dFalse\n\ttry:\n\t\tfor Liste in self.session.props.auth.user.roles:\n\t\t\tif Liste in self.view.params.Acces or Liste\u003d\u003d\"Administrateur\":\n\t\t\t\tAcces\u003dTrue\n\texcept:\n\t\tpass\n\tif self.view.params.Security\u003d\u003dFalse or Acces\u003d\u003dTrue:\n\t\tsystem.perspective.openPopup(\n\t\t\t\u0027uJUhJcOb\u0027,\n\t\t\t\u0027Utils/Plannings/Popup_Edition\u0027,\n\t\t\tparams \u003d {\n\t\t\t\t\u0027database\u0027: self.view.params.database,\n\t\t\t\t\u0027date_deb\u0027: -1,\n\t\t\t\t\u0027date_fin\u0027: -1,\n\t\t\t\t\u0027equipement\u0027: self.getSibling(\"Dropdown_equipements\").props.value,\n\t\t\t\t\u0027groupe\u0027: self.getSibling(\"Dropdown_groupe\").props.value,\n\t\t\t\t\u0027site\u0027: self.view.params.site,\n\t\t\t\t\u0027num_jour\u0027: self.custom.num_jour,\n\t\t\t\t},\n\t\t\ttitle \u003d \u0027Gestion du planning hebdomadaire\u0027,\n\t\t\tshowCloseIcon \u003d True,\n\t\t\tresizable \u003d True,\n\t\t\tmodal \u003d True\n\t\t)\n"
              },
              "scope": "G",
              "type": "script"
            }
          }
        },
        "meta": {
          "name": "EmbeddedView_lundi"
        },
        "position": {
          "height": 0.78,
          "width": 0.1248,
          "x": 0.0996,
          "y": 0.185
        },
        "propConfig": {
          "props.params.dataset": {
            "binding": {
              "config": {
                "expression": "runScript(\r\n\t\"Planning.Perspective.Hebdo.get_hebdo_hours\",\r\n\t1000,\r\n\t{view.params.database},\r\n\t{view.params.site},\r\n\t{../Dropdown_groupe.props.value},\r\n\t{../Dropdown_equipements.props.value},\r\n\t{this.custom.num_jour}\r\n)"
              },
              "type": "expr"
            }
          }
        },
        "props": {
          "path": "Utils/Plannings/Day_embed",
          "style": {
            "cursor": "pointer"
          }
        },
        "type": "ia.display.view"
      },
      {
        "custom": {
          "num_jour": 2
        },
        "events": {
          "dom": {
            "onClick": {
              "config": {
                "script": "\tAcces\u003dFalse\n\ttry:\n\t\tfor Liste in self.session.props.auth.user.roles:\n\t\t\tif Liste in self.view.params.Acces or Liste\u003d\u003d\"Administrateur\":\n\t\t\t\tAcces\u003dTrue\n\texcept:\n\t\tpass\n\tif self.view.params.Security\u003d\u003dFalse or Acces\u003d\u003dTrue:\n\t\tsystem.perspective.openPopup(\n\t\t\t\u0027uJUhJcOb\u0027,\n\t\t\t\u0027Utils/Plannings/Popup_Edition\u0027,\n\t\t\tparams \u003d {\n\t\t\t\t\u0027database\u0027: self.view.params.database,\n\t\t\t\t\u0027date_deb\u0027: None,\n\t\t\t\t\u0027date_fin\u0027: None,\n\t\t\t\t\u0027equipement\u0027: self.getSibling(\"Dropdown_equipements\").props.value,\n\t\t\t\t\u0027groupe\u0027: self.getSibling(\"Dropdown_groupe\").props.value,\n\t\t\t\t\u0027site\u0027: self.view.params.site,\n\t\t\t\t\u0027num_jour\u0027: self.custom.num_jour,\n\t\t\t\t},\n\t\t\ttitle \u003d \u0027Gestion du planning hebdomadaire\u0027,\n\t\t\tshowCloseIcon \u003d True,\n\t\t\tresizable \u003d True,\n\t\t\tmodal \u003d True\n\t\t\t)\n"
              },
              "scope": "G",
              "type": "script"
            }
          }
        },
        "meta": {
          "name": "EmbeddedView_mardi"
        },
        "position": {
          "height": 0.78,
          "width": 0.1232,
          "x": 0.2254,
          "y": 0.185
        },
        "propConfig": {
          "props.params.dataset": {
            "binding": {
              "config": {
                "expression": "runScript(\r\n\t\"Planning.Perspective.Hebdo.get_hebdo_hours\",\r\n\t1000,\r\n\t{view.params.database},\r\n\t{view.params.site},\r\n\t{../Dropdown_groupe.props.value},\r\n\t{../Dropdown_equipements.props.value},\r\n\t{this.custom.num_jour}\r\n)"
              },
              "type": "expr"
            }
          }
        },
        "props": {
          "path": "Utils/Plannings/Day_embed",
          "style": {
            "cursor": "pointer"
          }
        },
        "type": "ia.display.view"
      },
      {
        "custom": {
          "num_jour": 3
        },
        "events": {
          "dom": {
            "onClick": {
              "config": {
                "script": "\tAcces\u003dFalse\n\ttry:\n\t\tfor Liste in self.session.props.auth.user.roles:\n\t\t\tif Liste in self.view.params.Acces or Liste\u003d\u003d\"Administrateur\":\n\t\t\t\tAcces\u003dTrue\n\texcept:\n\t\tpass\n\tif self.view.params.Security\u003d\u003dFalse or Acces\u003d\u003dTrue:\n\t\tsystem.perspective.openPopup(\n\t\t\t\u0027uJUhJcOb\u0027,\n\t\t\t\u0027Utils/Plannings/Popup_Edition\u0027,\n\t\t\tparams \u003d {\n\t\t\t\t\u0027database\u0027: self.view.params.database,\n\t\t\t\t\u0027date_deb\u0027: None,\n\t\t\t\t\u0027date_fin\u0027: None,\n\t\t\t\t\u0027equipement\u0027: self.getSibling(\"Dropdown_equipements\").props.value,\n\t\t\t\t\u0027groupe\u0027: self.getSibling(\"Dropdown_groupe\").props.value,\n\t\t\t\t\u0027site\u0027: self.view.params.site,\n\t\t\t\t\u0027num_jour\u0027: self.custom.num_jour,\n\t\t\t\t},\n\t\t\ttitle \u003d \u0027Gestion du planning hebdomadaire\u0027,\n\t\t\tshowCloseIcon \u003d True,\n\t\t\tresizable \u003d True,\n\t\t\tmodal \u003d True\n\t\t\t)\n"
              },
              "scope": "G",
              "type": "script"
            }
          }
        },
        "meta": {
          "name": "EmbeddedView_mercredi"
        },
        "position": {
          "height": 0.78,
          "width": 0.1248,
          "x": 0.3485,
          "y": 0.185
        },
        "propConfig": {
          "props.params.dataset": {
            "binding": {
              "config": {
                "expression": "runScript(\r\n\t\"Planning.Perspective.Hebdo.get_hebdo_hours\",\r\n\t1000,\r\n\t{view.params.database},\r\n\t{view.params.site},\r\n\t{../Dropdown_groupe.props.value},\r\n\t{../Dropdown_equipements.props.value},\r\n\t{this.custom.num_jour}\r\n)"
              },
              "type": "expr"
            }
          }
        },
        "props": {
          "path": "Utils/Plannings/Day_embed",
          "style": {
            "cursor": "pointer"
          }
        },
        "type": "ia.display.view"
      },
      {
        "custom": {
          "num_jour": 4
        },
        "events": {
          "dom": {
            "onClick": {
              "config": {
                "script": "\tAcces\u003dFalse\n\ttry:\n\t\tfor Liste in self.session.props.auth.user.roles:\n\t\t\tif Liste in self.view.params.Acces or Liste\u003d\u003d\"Administrateur\":\n\t\t\t\tAcces\u003dTrue\n\texcept:\n\t\tpass\n\tif self.view.params.Security\u003d\u003dFalse or Acces\u003d\u003dTrue:\n\t\tsystem.perspective.openPopup(\n\t\t\t\u0027uJUhJcOb\u0027,\n\t\t\t\u0027Utils/Plannings/Popup_Edition\u0027,\n\t\t\tparams \u003d {\n\t\t\t\t\u0027database\u0027: self.view.params.database,\n\t\t\t\t\u0027date_deb\u0027: None,\n\t\t\t\t\u0027date_fin\u0027: None,\n\t\t\t\t\u0027equipement\u0027: self.getSibling(\"Dropdown_equipements\").props.value,\n\t\t\t\t\u0027groupe\u0027: self.getSibling(\"Dropdown_groupe\").props.value,\n\t\t\t\t\u0027site\u0027: self.view.params.site,\n\t\t\t\t\u0027num_jour\u0027: self.custom.num_jour,\n\t\t\t\t},\n\t\t\ttitle \u003d \u0027Gestion du planning hebdomadaire\u0027,\n\t\t\tshowCloseIcon \u003d True,\n\t\t\tresizable \u003d True,\n\t\t\tmodal \u003d True\n\t\t\t)\n"
              },
              "scope": "G",
              "type": "script"
            }
          }
        },
        "meta": {
          "name": "EmbeddedView_jeudi"
        },
        "position": {
          "height": 0.78,
          "width": 0.1248,
          "x": 0.473,
          "y": 0.185
        },
        "propConfig": {
          "props.params.dataset": {
            "binding": {
              "config": {
                "expression": "runScript(\r\n\t\"Planning.Perspective.Hebdo.get_hebdo_hours\",\r\n\t1000,\r\n\t{view.params.database},\r\n\t{view.params.site},\r\n\t{../Dropdown_groupe.props.value},\r\n\t{../Dropdown_equipements.props.value},\r\n\t{this.custom.num_jour}\r\n)"
              },
              "type": "expr"
            }
          }
        },
        "props": {
          "path": "Utils/Plannings/Day_embed",
          "style": {
            "cursor": "pointer"
          }
        },
        "type": "ia.display.view"
      },
      {
        "custom": {
          "num_jour": 5
        },
        "events": {
          "dom": {
            "onClick": {
              "config": {
                "script": "\tAcces\u003dFalse\n\ttry:\n\t\tfor Liste in self.session.props.auth.user.roles:\n\t\t\tif Liste in self.view.params.Acces or Liste\u003d\u003d\"Administrateur\":\n\t\t\t\tAcces\u003dTrue\n\texcept:\n\t\tpass\n\tif self.view.params.Security\u003d\u003dFalse or Acces\u003d\u003dTrue:\n\t\tsystem.perspective.openPopup(\n\t\t\t\u0027uJUhJcOb\u0027,\n\t\t\t\u0027Utils/Plannings/Popup_Edition\u0027,\n\t\t\tparams \u003d {\n\t\t\t\t\u0027database\u0027: self.view.params.database,\n\t\t\t\t\u0027date_deb\u0027: None,\n\t\t\t\t\u0027date_fin\u0027: None,\n\t\t\t\t\u0027equipement\u0027: self.getSibling(\"Dropdown_equipements\").props.value,\n\t\t\t\t\u0027groupe\u0027: self.getSibling(\"Dropdown_groupe\").props.value,\n\t\t\t\t\u0027site\u0027: self.view.params.site,\n\t\t\t\t\u0027num_jour\u0027: self.custom.num_jour,\n\t\t\t\t},\n\t\t\ttitle \u003d \u0027Gestion du planning hebdomadaire\u0027,\n\t\t\tshowCloseIcon \u003d True,\n\t\t\tresizable \u003d True,\n\t\t\tmodal \u003d True\n\t\t\t)\n"
              },
              "scope": "G",
              "type": "script"
            }
          }
        },
        "meta": {
          "name": "EmbeddedView_vendredi"
        },
        "position": {
          "height": 0.78,
          "width": 0.1248,
          "x": 0.5975,
          "y": 0.185
        },
        "propConfig": {
          "props.params.dataset": {
            "binding": {
              "config": {
                "expression": "runScript(\r\n\t\"Planning.Perspective.Hebdo.get_hebdo_hours\",\r\n\t1000,\r\n\t{view.params.database},\r\n\t{view.params.site},\r\n\t{../Dropdown_groupe.props.value},\r\n\t{../Dropdown_equipements.props.value},\r\n\t{this.custom.num_jour}\r\n)"
              },
              "type": "expr"
            }
          }
        },
        "props": {
          "path": "Utils/Plannings/Day_embed",
          "style": {
            "cursor": "pointer"
          }
        },
        "type": "ia.display.view"
      },
      {
        "custom": {
          "num_jour": 6
        },
        "events": {
          "dom": {
            "onClick": {
              "config": {
                "script": "\tAcces\u003dFalse\n\ttry:\n\t\tfor Liste in self.session.props.auth.user.roles:\n\t\t\tif Liste in self.view.params.Acces or Liste\u003d\u003d\"Administrateur\":\n\t\t\t\tAcces\u003dTrue\n\texcept:\n\t\tpass\n\tif self.view.params.Security\u003d\u003dFalse or Acces\u003d\u003dTrue:\n\t\tsystem.perspective.openPopup(\n\t\t\t\u0027uJUhJcOb\u0027,\n\t\t\t\u0027Utils/Plannings/Popup_Edition\u0027,\n\t\t\tparams \u003d {\n\t\t\t\t\u0027database\u0027: self.view.params.database,\n\t\t\t\t\u0027date_deb\u0027: None,\n\t\t\t\t\u0027date_fin\u0027: None,\n\t\t\t\t\u0027equipement\u0027: self.getSibling(\"Dropdown_equipements\").props.value,\n\t\t\t\t\u0027groupe\u0027: self.getSibling(\"Dropdown_groupe\").props.value,\n\t\t\t\t\u0027site\u0027: self.view.params.site,\n\t\t\t\t\u0027num_jour\u0027: self.custom.num_jour,\n\t\t\t\t},\n\t\t\ttitle \u003d \u0027Gestion du planning hebdomadaire\u0027,\n\t\t\tshowCloseIcon \u003d True,\n\t\t\tresizable \u003d True,\n\t\t\tmodal \u003d True\n\t\t\t)\n"
              },
              "scope": "G",
              "type": "script"
            }
          }
        },
        "meta": {
          "name": "EmbeddedView_samedi"
        },
        "position": {
          "height": 0.78,
          "width": 0.1232,
          "x": 0.722,
          "y": 0.185
        },
        "propConfig": {
          "props.params.dataset": {
            "binding": {
              "config": {
                "expression": "runScript(\r\n\t\"Planning.Perspective.Hebdo.get_hebdo_hours\",\r\n\t1000,\r\n\t{view.params.database},\r\n\t{view.params.site},\r\n\t{../Dropdown_groupe.props.value},\r\n\t{../Dropdown_equipements.props.value},\r\n\t{this.custom.num_jour}\r\n)"
              },
              "type": "expr"
            }
          }
        },
        "props": {
          "path": "Utils/Plannings/Day_embed",
          "style": {
            "cursor": "pointer"
          }
        },
        "type": "ia.display.view"
      },
      {
        "custom": {
          "num_jour": 7
        },
        "events": {
          "dom": {
            "onClick": {
              "config": {
                "script": "\tAcces\u003dFalse\n\ttry:\n\t\tfor Liste in self.session.props.auth.user.roles:\n\t\t\tif Liste in self.view.params.Acces or Liste\u003d\u003d\"Administrateur\":\n\t\t\t\tAcces\u003dTrue\n\texcept:\n\t\tpass\n\tif self.view.params.Security\u003d\u003dFalse or Acces\u003d\u003dTrue:\n\t\tsystem.perspective.openPopup(\n\t\t\t\u0027uJUhJcOb\u0027,\n\t\t\t\u0027Utils/Plannings/Popup_Edition\u0027,\n\t\t\tparams \u003d {\n\t\t\t\t\u0027database\u0027: self.view.params.database,\n\t\t\t\t\u0027date_deb\u0027: None,\n\t\t\t\t\u0027date_fin\u0027: None,\n\t\t\t\t\u0027equipement\u0027: self.getSibling(\"Dropdown_equipements\").props.value,\n\t\t\t\t\u0027groupe\u0027: self.getSibling(\"Dropdown_groupe\").props.value,\n\t\t\t\t\u0027site\u0027: self.view.params.site,\n\t\t\t\t\u0027num_jour\u0027: self.custom.num_jour,\n\t\t\t\t},\n\t\t\ttitle \u003d \u0027Gestion du planning hebdomadaire\u0027,\n\t\t\tshowCloseIcon \u003d True,\n\t\t\tresizable \u003d True,\n\t\t\tmodal \u003d True\n\t\t\t)\n"
              },
              "scope": "G",
              "type": "script"
            }
          }
        },
        "meta": {
          "name": "EmbeddedView_dimanche"
        },
        "position": {
          "height": 0.78,
          "width": 0.1248,
          "x": 0.8465,
          "y": 0.185
        },
        "propConfig": {
          "props.params.dataset": {
            "binding": {
              "config": {
                "expression": "runScript(\r\n\t\"Planning.Perspective.Hebdo.get_hebdo_hours\",\r\n\t1000,\r\n\t{view.params.database},\r\n\t{view.params.site},\r\n\t{../Dropdown_groupe.props.value},\r\n\t{../Dropdown_equipements.props.value},\r\n\t{this.custom.num_jour}\r\n)"
              },
              "type": "expr"
            }
          }
        },
        "props": {
          "path": "Utils/Plannings/Day_embed",
          "style": {
            "cursor": "pointer"
          }
        },
        "type": "ia.display.view"
      }
    ],
    "meta": {
      "name": "root"
    },
    "position": {
      "x": -0.0029,
      "y": 0.0124
    },
    "props": {
      "mode": "percent",
      "style": {
        "backgroundColor": "#E9EDF4"
      }
    },
    "type": "ia.container.coord"
  }
}