{
  "custom": {
    "database": "Mysql",
    "table_schema": "planning_ignition_80"
  },
  "events": {
    "system": {
      "onStartup": {
        "config": {
          "script": "\tdatabase \u003d self.custom.database\n\ttable_schema \u003d self.custom.table_schema\n\t\n\ttable_name \u003d \u0027equipements\u0027\n\tself.getChild(\"root\").getChild(\"Equipements\").props.data \u003d SQL.get_dataset(database, table_schema, table_name)\n\t\n\ttable_name \u003d \u0027devices\u0027\n\tself.getChild(\"root\").getChild(\"Devices\").props.data \u003d SQL.get_dataset(database, table_schema, table_name)"
        },
        "scope": "G",
        "type": "script"
      }
    }
  },
  "params": {},
  "propConfig": {
    "custom.data": {
      "persistent": true
    },
    "custom.database": {
      "persistent": true
    },
    "custom.table_schema": {
      "persistent": true
    }
  },
  "props": {
    "defaultSize": {
      "height": 642,
      "width": 629
    }
  },
  "root": {
    "children": [
      {
        "meta": {
          "name": "Label_Init"
        },
        "position": {
          "basis": "32px"
        },
        "props": {
          "style": {
            "backgroundColor": "#D5D5D5",
            "fontSize": 14,
            "fontWeight": "bold",
            "textAlign": "center"
          },
          "text": "Initialisation",
          "textStyle": {
            "fontSize": "14px",
            "fontWeight": "bold",
            "textAlign": "center"
          }
        },
        "type": "ia.display.label"
      },
      {
        "children": [
          {
            "events": {
              "dom": {
                "onClick": {
                  "config": {
                    "script": "\tdatabase \u003d self.view.custom.database\n\tPlanning.Initialize.create_tables(database)"
                  },
                  "scope": "G",
                  "type": "script"
                }
              }
            },
            "meta": {
              "name": "Button"
            },
            "position": {
              "basis": "30%"
            },
            "props": {
              "style": {
                "backgroundColor": "#8989BE",
                "borderBottomLeftRadius": 15,
                "borderBottomRightRadius": 15,
                "borderStyle": "none",
                "borderTopLeftRadius": 15,
                "borderTopRightRadius": 15,
                "cursor": "pointer",
                "margin": 5
              },
              "text": "Créer les tables"
            },
            "type": "ia.input.button"
          },
          {
            "events": {
              "dom": {
                "onClick": {
                  "config": {
                    "script": "\tdatabase \u003d self.view.custom.database\n\tPlanning.Initialize.add_support_for_modbus(database)"
                  },
                  "scope": "G",
                  "type": "script"
                }
              }
            },
            "meta": {
              "name": "Button_1"
            },
            "position": {
              "basis": "30%"
            },
            "props": {
              "style": {
                "backgroundColor": "#8989BE",
                "borderBottomLeftRadius": 15,
                "borderBottomRightRadius": 15,
                "borderStyle": "none",
                "borderTopLeftRadius": 15,
                "borderTopRightRadius": 15,
                "cursor": "pointer",
                "margin": 5
              },
              "text": "Support Modbus"
            },
            "type": "ia.input.button"
          },
          {
            "events": {
              "dom": {
                "onClick": {
                  "config": {
                    "script": "\tdatabase \u003d self.view.custom.database\n\tPlanning.Initialize.add_support_for_devio(database)"
                  },
                  "scope": "G",
                  "type": "script"
                }
              }
            },
            "meta": {
              "name": "Button_2"
            },
            "position": {
              "basis": "30%"
            },
            "props": {
              "style": {
                "backgroundColor": "#8989BE",
                "borderBottomLeftRadius": 15,
                "borderBottomRightRadius": 15,
                "borderStyle": "none",
                "borderTopLeftRadius": 15,
                "borderTopRightRadius": 15,
                "cursor": "pointer",
                "margin": 5
              },
              "text": "Support DevIO"
            },
            "type": "ia.input.button"
          }
        ],
        "meta": {
          "name": "Options_Init"
        },
        "position": {
          "basis": "40px"
        },
        "props": {
          "justify": "space-evenly",
          "style": {
            "marginTop": 5
          }
        },
        "type": "ia.container.flex"
      },
      {
        "meta": {
          "name": "Label_Update"
        },
        "position": {
          "basis": "32px"
        },
        "props": {
          "style": {
            "backgroundColor": "#D5D5D5",
            "fontSize": 14,
            "fontWeight": "bold",
            "marginTop": 15,
            "textAlign": "center"
          },
          "text": "Mise à jour des tables",
          "textStyle": {
            "fontSize": "14px",
            "fontWeight": "bold",
            "textAlign": "center"
          }
        },
        "type": "ia.display.label"
      },
      {
        "children": [
          {
            "meta": {
              "name": "modbus"
            },
            "position": {
              "basis": "40%"
            },
            "props": {
              "style": {
                "fontSize": "14px",
                "fontWeight": "bold",
                "textAlign": "start"
              },
              "text": "Inclure Numero Modbus"
            },
            "type": "ia.input.checkbox"
          },
          {
            "meta": {
              "name": "devio"
            },
            "position": {
              "basis": "40%"
            },
            "props": {
              "style": {
                "fontSize": "14px",
                "fontWeight": "bold",
                "textAlign": "start"
              },
              "text": "Inclure Id et Nom DevIO"
            },
            "type": "ia.input.checkbox"
          }
        ],
        "meta": {
          "name": "Options_Update"
        },
        "position": {
          "basis": "32px"
        },
        "props": {
          "justify": "space-evenly",
          "style": {
            "marginTop": 10
          }
        },
        "type": "ia.container.flex"
      },
      {
        "meta": {
          "name": "Equipements"
        },
        "position": {
          "basis": "25%"
        },
        "props": {
          "data": {
            "$": [
              "ds",
              192,
              1640879803558
            ],
            "$columns": [
              {
                "data": [
                  "Site A",
                  "Site A",
                  "Site A",
                  "Site 2",
                  "Site 3"
                ],
                "name": "site",
                "type": "String"
              },
              {
                "data": [
                  "Groupe B",
                  "Groupe B",
                  "Groupe 2",
                  "Groupe 4",
                  "Groupe 1"
                ],
                "name": "groupe",
                "type": "String"
              },
              {
                "data": [
                  "Equip 1",
                  "Equip 2",
                  "Equip 3",
                  "Equip 4",
                  "Equip 5"
                ],
                "name": "equipement",
                "type": "String"
              },
              {
                "data": [
                  "1",
                  "2",
                  "3",
                  null,
                  null
                ],
                "name": "num_mb",
                "type": "String"
              }
            ]
          },
          "pager": {
            "bottom": false
          },
          "selection": {
            "enableRowSelection": false
          },
          "style": {
            "borderColor": "#000000",
            "borderStyle": "solid",
            "borderWidth": 1,
            "margin": 10
          }
        },
        "type": "ia.display.table"
      },
      {
        "custom": {
          "key": null,
          "key_1": "value"
        },
        "events": {
          "dom": {
            "onClick": {
              "config": {
                "script": "\tdatabase \u003d self.view.custom.database\n\tdataset \u003d self.getSibling(\"Equipements\").props.data\n\tif dataset is not None:\n\t\tavec_modbus \u003d self.parent.getChild(\"Options_Update\").getChild(\"modbus\").props.selected\n\t\tavec_devio \u003d self.parent.getChild(\"Options_Update\").getChild(\"devio\").props.selected\n\t\t\n\t\tPlanning.Update.update_tables(database, dataset, avec_modbus, avec_devio)"
              },
              "scope": "G",
              "type": "script"
            }
          }
        },
        "meta": {
          "name": "Update"
        },
        "position": {
          "basis": "34px"
        },
        "props": {
          "style": {
            "backgroundColor": "#CCCCFF",
            "borderBottomLeftRadius": 25,
            "borderBottomRightRadius": 25,
            "borderStyle": "none",
            "borderTopLeftRadius": 25,
            "borderTopRightRadius": 25,
            "color": "#000000",
            "marginLeft": 150,
            "marginRight": 150
          },
          "text": "Mettre à jour equipements et plannings"
        },
        "type": "ia.input.button"
      },
      {
        "meta": {
          "name": "Devices"
        },
        "position": {
          "basis": "25%"
        },
        "props": {
          "data": {
            "$": [
              "ds",
              192,
              1640879854080
            ],
            "$columns": [
              {
                "data": [
                  "DeviceA"
                ],
                "name": "device",
                "type": "String"
              },
              {
                "data": [
                  "Site A"
                ],
                "name": "site",
                "type": "String"
              }
            ]
          },
          "pager": {
            "bottom": false
          },
          "selection": {
            "enableRowSelection": false
          },
          "style": {
            "borderColor": "#000000",
            "borderStyle": "solid",
            "borderWidth": 1,
            "margin": 10
          }
        },
        "type": "ia.display.table"
      },
      {
        "custom": {
          "key": "Planning.Update.update_devices(database, dataset)"
        },
        "events": {
          "dom": {
            "onClick": {
              "config": {
                "script": "\tdatabase \u003d self.view.custom.database\n\tdataset \u003d self.getSibling(\"Devices\").props.data\n\tif dataset is not None:\n\t\tPlanning.Update.update_devices(database, dataset)"
              },
              "scope": "G",
              "type": "script"
            }
          }
        },
        "meta": {
          "name": "Update_Devices"
        },
        "position": {
          "basis": "34px"
        },
        "props": {
          "style": {
            "backgroundColor": "#CCCCFF",
            "borderBottomLeftRadius": 25,
            "borderBottomRightRadius": 25,
            "borderStyle": "none",
            "borderTopLeftRadius": 25,
            "borderTopRightRadius": 25,
            "color": "#000000",
            "marginLeft": 150,
            "marginRight": 150
          },
          "text": "Mettre à jour devices"
        },
        "type": "ia.input.button"
      },
      {
        "custom": {
          "Test": []
        },
        "events": {
          "dom": {
            "onClick": {
              "config": {
                "script": "\tdatabase \u003d self.view.custom.database\n\ttable_schema \u003d self.view.custom.table_schema\n\t\n\ttable_name \u003d \u0027equipements\u0027\n\tself.getSibling(\"Equipements\").props.data \u003d SQL.get_dataset(database, table_schema, table_name)\n\t\n\ttable_name \u003d \u0027devices\u0027\n\tself.getSibling(\"Devices\").props.data \u003d SQL.get_dataset(database, table_schema, table_name)"
              },
              "scope": "G",
              "type": "script"
            }
          }
        },
        "meta": {
          "name": "Refresh"
        },
        "position": {
          "basis": "34px"
        },
        "props": {
          "style": {
            "backgroundColor": "#808080",
            "borderBottomLeftRadius": 15,
            "borderBottomRightRadius": 15,
            "borderStyle": "none",
            "borderTopLeftRadius": 15,
            "borderTopRightRadius": 15,
            "cursor": "pointer",
            "margin": 15,
            "marginLeft": 150,
            "marginRight": 150
          },
          "text": "Rafraichir les tables"
        },
        "type": "ia.input.button"
      }
    ],
    "meta": {
      "name": "root"
    },
    "props": {
      "direction": "column"
    },
    "type": "ia.container.flex"
  }
}