{
  "custom": {
    "database": "Ignition"
  },
  "events": {
    "system": {
      "onStartup": {
        "config": {
          "script": "\tfield \u003d self.getChild(\"root\").getChild(\"Dropdown\").props.value\n\t\n\tdatabase \u003d self.custom.database\n\ttable_name \u003d \u0027equipements\u0027\n\tfield \u003d self.getChild(\"root\").getChild(\"Dropdown\").props.value\n\tresult \u003d Planning.GestionDB.SQL_Rename.table_field_rename(database, table_name, field)\n\t\n\tif result is not None:\n\t\tself.getChild(\"root\").getChild(\"Datasets\").getChild(\"Dataset1\").props.data \u003d result[0]\n\t\tself.getChild(\"root\").getChild(\"Datasets\").getChild(\"Dataset2\").props.data \u003d result[1]\n\telse:\n\t\tself.getChild(\"root\").getChild(\"Datasets\").getChild(\"Dataset1\").props.data \u003d None\n\t\tself.getChild(\"root\").getChild(\"Datasets\").getChild(\"Dataset2\").props.data \u003d None"
        },
        "scope": "G",
        "type": "script"
      }
    }
  },
  "params": {},
  "propConfig": {
    "custom.data": {
      "persistent": true
    },
    "custom.database": {
      "persistent": true
    },
    "custom.devices": {
      "persistent": true
    }
  },
  "props": {
    "defaultSize": {
      "height": 477,
      "width": 768
    }
  },
  "root": {
    "children": [
      {
        "meta": {
          "name": "Label_Update"
        },
        "position": {
          "basis": "32px"
        },
        "props": {
          "style": {
            "backgroundColor": "#D5D5D5"
          },
          "text": "Mise à jour des tables",
          "textStyle": {
            "fontSize": "14px",
            "fontWeight": "bold",
            "textAlign": "center"
          }
        },
        "type": "ia.display.label"
      },
      {
        "events": {
          "component": {
            "onActionPerformed": {
              "config": {
                "script": "\tdatabase \u003d self.view.custom.database\n\ttable_name \u003d \u0027equipements\u0027\n\tfield \u003d self.props.value\n\tresult \u003d Planning.GestionDB.SQL_Rename.table_field_rename(database, table_name, field)\n\t\n\tif result is not None:\n\t\tself.parent.getChild(\"Datasets\").getChild(\"Dataset1\").props.data \u003d result[0]\n\t\tself.parent.getChild(\"Datasets\").getChild(\"Dataset2\").props.data \u003d result[1]\n\telse:\n\t\tself.parent.getChild(\"Datasets\").getChild(\"Dataset1\").props.data \u003d None\n\t\tself.parent.getChild(\"Datasets\").getChild(\"Dataset2\").props.data \u003d None\n\t\t\n"
              },
              "scope": "G",
              "type": "script"
            }
          }
        },
        "meta": {
          "name": "Dropdown"
        },
        "position": {
          "basis": "36px"
        },
        "props": {
          "options": [
            {
              "label": "site",
              "value": "site"
            },
            {
              "label": "groupe",
              "value": "groupe"
            },
            {
              "label": "equipement",
              "value": "equipement"
            }
          ],
          "style": {
            "marginLeft": 250,
            "marginRight": 250,
            "marginTop": 10
          },
          "value": "equipement"
        },
        "type": "ia.input.dropdown"
      },
      {
        "children": [
          {
            "meta": {
              "name": "Dataset1"
            },
            "position": {
              "basis": "65%"
            },
            "propConfig": {
              "props.selection.selectedColumn": {
                "binding": {
                  "config": {
                    "expression": "\u0027site\u0027"
                  },
                  "type": "expr"
                }
              },
              "props.selection.selectedRow": {
                "binding": {
                  "config": {
                    "expression": "{../Dataset2.props.selection.selectedRow}"
                  },
                  "type": "expr"
                }
              }
            },
            "props": {
              "data": {
                "$": [
                  "ds",
                  192,
                  1642602651783
                ],
                "$columns": [
                  {
                    "data": [
                      "Site 1",
                      "Site 1",
                      "Site 1",
                      "S2"
                    ],
                    "name": "site",
                    "type": "String"
                  },
                  {
                    "data": [
                      "G1",
                      "Groupe 2",
                      "Groupe 2",
                      "G1"
                    ],
                    "name": "groupe",
                    "type": "String"
                  },
                  {
                    "data": [
                      "E1",
                      "E2",
                      "Equipement 3",
                      "E4"
                    ],
                    "name": "equipement",
                    "type": "String"
                  }
                ]
              },
              "pager": {
                "bottom": false
              },
              "selection": {
                "data": [
                  {
                    "equipement": "Equipement 3",
                    "groupe": "Groupe 2",
                    "site": "Site 1"
                  }
                ]
              },
              "style": {
                "borderColor": "#000000",
                "borderStyle": "solid",
                "borderWidth": 1,
                "margin": 10
              }
            },
            "type": "ia.display.table"
          },
          {
            "meta": {
              "name": "Dataset2"
            },
            "position": {
              "basis": "25%"
            },
            "props": {
              "data": {
                "$": [
                  "ds",
                  192,
                  1642602651783
                ],
                "$columns": [
                  {
                    "data": [
                      "E1",
                      "E2",
                      "Equipement 3",
                      "E4"
                    ],
                    "name": "equipement",
                    "type": "String"
                  }
                ]
              },
              "pager": {
                "bottom": false
              },
              "selection": {
                "data": [
                  {
                    "equipement": "Equipement 3"
                  }
                ],
                "selectedColumn": "equipement",
                "selectedRow": 2
              },
              "style": {
                "borderColor": "#000000",
                "borderStyle": "solid",
                "borderWidth": 1,
                "margin": 10
              }
            },
            "type": "ia.display.table"
          }
        ],
        "meta": {
          "name": "Datasets"
        },
        "position": {
          "basis": "60%"
        },
        "props": {
          "justify": "space-evenly",
          "style": {
            "marginTop": 10
          }
        },
        "type": "ia.container.flex"
      },
      {
        "custom": {
          "key": null,
          "key_1": "value"
        },
        "events": {
          "dom": {
            "onClick": {
              "config": {
                "script": "\tdatabase \u003d self.view.custom.database\n\tfield \u003d self.getSibling(\"Dropdown\").props.value\n\tdataset1 \u003d self.parent.getChild(\"Datasets\").getChild(\"Dataset1\").props.data\n\tdataset2 \u003d self.parent.getChild(\"Datasets\").getChild(\"Dataset2\").props.data\n\tif dataset1 is not None and dataset2 is not None:\n\t\tPlanning.GestionDB.SQL_Rename.rename(database, dataset1, dataset2, field)"
              },
              "scope": "G",
              "type": "script"
            }
          }
        },
        "meta": {
          "name": "Update"
        },
        "position": {
          "basis": "34px"
        },
        "props": {
          "style": {
            "backgroundColor": "#CCCCFF",
            "borderBottomLeftRadius": 25,
            "borderBottomRightRadius": 25,
            "borderStyle": "none",
            "borderTopLeftRadius": 25,
            "borderTopRightRadius": 25,
            "color": "#000000",
            "marginLeft": 150,
            "marginRight": 150
          },
          "text": "Renommer"
        },
        "type": "ia.input.button"
      },
      {
        "events": {
          "dom": {
            "onClick": {
              "config": {
                "script": "\tdatabase \u003d self.view.custom.database\n\ttable_name \u003d \u0027equipements\u0027\n\tfield \u003d self.getSibling(\"Dropdown\").props.value\n\tresult \u003d Planning.GestionDB.SQL_Rename.table_field_rename(database, table_name, field)\n\t\n\tif result is not None:\n\t\tself.parent.getChild(\"Datasets\").getChild(\"Dataset1\").props.data \u003d result[0]\n\t\tself.parent.getChild(\"Datasets\").getChild(\"Dataset2\").props.data \u003d result[1]\n\telse:\n\t\tself.parent.getChild(\"Datasets\").getChild(\"Dataset1\").props.data \u003d None\n\t\tself.parent.getChild(\"Datasets\").getChild(\"Dataset2\").props.data \u003d None\n\t"
              },
              "scope": "G",
              "type": "script"
            }
          }
        },
        "meta": {
          "name": "Refresh"
        },
        "position": {
          "basis": "34px"
        },
        "props": {
          "style": {
            "backgroundColor": "#808080",
            "borderBottomLeftRadius": 15,
            "borderBottomRightRadius": 15,
            "borderStyle": "none",
            "borderTopLeftRadius": 15,
            "borderTopRightRadius": 15,
            "cursor": "pointer",
            "margin": 15,
            "marginLeft": 150,
            "marginRight": 150
          },
          "text": "Rafraichir les tables"
        },
        "type": "ia.input.button"
      }
    ],
    "meta": {
      "name": "root"
    },
    "props": {
      "direction": "column"
    },
    "type": "ia.container.flex"
  }
}