{
  "custom": {},
  "params": {
    "Icone": "person_add",
    "Icone_color": "",
    "Texte": "Texte",
    "Texte_color": ""
  },
  "propConfig": {
    "params.Icone": {
      "paramDirection": "input",
      "persistent": true
    },
    "params.Icone_color": {
      "paramDirection": "input",
      "persistent": true
    },
    "params.Texte": {
      "paramDirection": "input",
      "persistent": true
    },
    "params.Texte_color": {
      "paramDirection": "input",
      "persistent": true
    }
  },
  "props": {
    "defaultSize": {
      "height": 40,
      "width": 250
    }
  },
  "root": {
    "children": [
      {
        "meta": {
          "name": "Icon"
        },
        "position": {
          "basis": "35px"
        },
        "propConfig": {
          "props.color": {
            "binding": {
              "config": {
                "expression": "if({view.params.Icone_color}!\u003d\"\",{view.params.Icone_color},\"\")"
              },
              "type": "expr"
            }
          },
          "props.path": {
            "binding": {
              "config": {
                "expression": "\u0027material/\u0027 + {view.params.Icone}"
              },
              "type": "expr"
            }
          }
        },
        "type": "ia.display.icon"
      },
      {
        "meta": {
          "name": "Label"
        },
        "position": {
          "basis": ""
        },
        "propConfig": {
          "props.style.color": {
            "binding": {
              "config": {
                "expression": "if({view.params.Texte_color}!\u003d\"\",{view.params.Texte_color},\"\")"
              },
              "type": "expr"
            }
          },
          "props.text": {
            "binding": {
              "config": {
                "expression": "{view.params.Texte}"
              },
              "type": "expr"
            }
          }
        },
        "props": {
          "style": {
            "marginLeft": 10
          }
        },
        "type": "ia.display.label"
      }
    ],
    "meta": {
      "name": "root"
    },
    "props": {
      "justify": "center",
      "style": {
        "classes": "Templates/Gestion_Utilisateurs/Button_Text"
      }
    },
    "type": "ia.container.flex"
  }
}