{
  "custom": {},
  "params": {
    "Acces": "Ville - Exploitant",
    "Security": false,
    "database": "Ignition",
    "equipement": "Aucun",
    "groupe": "Aucun",
    "site": "Site"
  },
  "propConfig": {
    "params.Acces": {
      "paramDirection": "input",
      "persistent": true
    },
    "params.Security": {
      "paramDirection": "input",
      "persistent": true
    },
    "params.database": {
      "paramDirection": "input",
      "persistent": true
    },
    "params.equipement": {
      "paramDirection": "input",
      "persistent": true
    },
    "params.groupe": {
      "paramDirection": "input",
      "persistent": true
    },
    "params.site": {
      "paramDirection": "input",
      "persistent": true
    }
  },
  "props": {
    "defaultSize": {
      "height": 600
    }
  },
  "root": {
    "children": [
      {
        "meta": {
          "name": "fond_blanc"
        },
        "position": {
          "height": 0.835,
          "width": 0.9812,
          "x": 0.0059,
          "y": 0.135
        },
        "props": {
          "style": {
            "backgroundColor": "#FCFCFC",
            "borderBottomLeftRadius": 5,
            "borderBottomRightRadius": 5,
            "borderTopLeftRadius": 5,
            "borderTopRightRadius": 5,
            "classes": "AF_Mesure_2",
            "textAlign": "center"
          }
        },
        "type": "ia.display.label"
      },
      {
        "events": {
          "component": {
            "onActionPerformed": {
              "config": {
                "script": "\tself.getSibling(\"Dropdown_equipements\").props.value \u003d self.getSibling(\"Dropdown_equipements\").props.options[-1].value"
              },
              "scope": "G",
              "type": "script"
            }
          }
        },
        "meta": {
          "name": "Dropdown_groupe"
        },
        "position": {
          "height": 0.046,
          "width": 0.3,
          "x": 0.0298,
          "y": 0.0507
        },
        "propConfig": {
          "props.options": {
            "binding": {
              "config": {
                "expression": "runScript(\r\n\t\"Planning.Perspective.Dropdown.get_groupes\",\r\n\t0,\r\n\t{view.params.database},\r\n\t{view.params.site}\r\n)"
              },
              "type": "expr"
            }
          },
          "props.value": {
            "binding": {
              "config": {
                "expression": "{view.params.groupe}"
              },
              "type": "expr"
            },
            "onChange": {
              "enabled": null,
              "script": "\tdatabase \u003d self.view.params.database\n\tsite \u003d self.view.params.site\n\tgroupe \u003d self.props.value\n\t\n\tlist_equipements \u003d Planning.Perspective.Dropdown.get_equipements(database, site, groupe)\n\tself.getSibling(\"Dropdown_equipements\").props.options \u003d list_equipements\n\t#self.getSibling(\"Dropdown_equipements\").props.value \u003d list_equipements[-1][\u0027value\u0027]\n\t"
            }
          }
        },
        "props": {
          "style": {
            "classes": "Plannings/text_size"
          }
        },
        "type": "ia.input.dropdown"
      },
      {
        "meta": {
          "name": "Dropdown_equipements"
        },
        "position": {
          "height": 0.0467,
          "width": 0.3538,
          "x": 0.35,
          "y": 0.0507
        },
        "propConfig": {
          "props.options": {
            "binding": {
              "config": {
                "expression": "runScript(\r\n\t\"Planning.Perspective.Dropdown.get_equipements\",\r\n\t0,\r\n\t{view.params.database},\r\n\t{view.params.site},\r\n\t{../Dropdown_Groupe.props.value}\r\n)"
              },
              "type": "expr"
            }
          },
          "props.value": {
            "binding": {
              "config": {
                "expression": "{view.params.equipement}"
              },
              "type": "expr"
            }
          }
        },
        "props": {
          "placeholder": {
            "text": ""
          },
          "style": {
            "classes": "Plannings/text_size"
          }
        },
        "type": "ia.input.dropdown"
      },
      {
        "meta": {
          "name": "label_zone"
        },
        "position": {
          "height": 0.0366,
          "width": 0.3,
          "x": 0.0334,
          "y": 0.0061
        },
        "props": {
          "style": {
            "classes": "Plannings/text_size",
            "textAlign": "center"
          },
          "text": "Groupe"
        },
        "type": "ia.display.label"
      },
      {
        "meta": {
          "name": "label_equipement"
        },
        "position": {
          "height": 0.0367,
          "width": 0.3492,
          "x": 0.35,
          "y": 0.0061
        },
        "props": {
          "style": {
            "classes": "Plannings/text_size",
            "textAlign": "center"
          },
          "text": "Equipement"
        },
        "type": "ia.display.label"
      },
      {
        "meta": {
          "name": "label_lundi"
        },
        "position": {
          "height": 0.0417,
          "width": 0.1248,
          "x": 0.0996,
          "y": 0.1492
        },
        "props": {
          "style": {
            "classes": "Plannings/text_size",
            "textAlign": "center"
          },
          "text": "Lundi"
        },
        "type": "ia.display.label"
      },
      {
        "meta": {
          "name": "label_mardi"
        },
        "position": {
          "height": 0.0417,
          "width": 0.1225,
          "x": 0.2255,
          "y": 0.1492
        },
        "props": {
          "style": {
            "classes": "Plannings/text_size",
            "textAlign": "center"
          },
          "text": "Mardi"
        },
        "type": "ia.display.label"
      },
      {
        "meta": {
          "name": "label_mercredi"
        },
        "position": {
          "height": 0.0417,
          "width": 0.1248,
          "x": 0.3515,
          "y": 0.1492
        },
        "props": {
          "style": {
            "classes": "Plannings/text_size",
            "textAlign": "center"
          },
          "text": "Mercredi"
        },
        "type": "ia.display.label"
      },
      {
        "meta": {
          "name": "label_jeudi"
        },
        "position": {
          "height": 0.0417,
          "width": 0.1248,
          "x": 0.4749,
          "y": 0.1492
        },
        "props": {
          "style": {
            "classes": "Plannings/text_size",
            "textAlign": "center"
          },
          "text": "Jeudi"
        },
        "type": "ia.display.label"
      },
      {
        "meta": {
          "name": "label_vendredi"
        },
        "position": {
          "height": 0.0417,
          "width": 0.125,
          "x": 0.6009,
          "y": 0.1492
        },
        "props": {
          "style": {
            "classes": "Plannings/text_size",
            "textAlign": "center"
          },
          "text": "Vendredi"
        },
        "type": "ia.display.label"
      },
      {
        "meta": {
          "name": "label_samedi"
        },
        "position": {
          "height": 0.0417,
          "width": 0.1248,
          "x": 0.7217,
          "y": 0.1492
        },
        "props": {
          "style": {
            "classes": "Plannings/text_size",
            "textAlign": "center"
          },
          "text": "Samedi"
        },
        "type": "ia.display.label"
      },
      {
        "meta": {
          "name": "label_dimanche"
        },
        "position": {
          "height": 0.0417,
          "width": 0.1248,
          "x": 0.849,
          "y": 0.1492
        },
        "props": {
          "style": {
            "classes": "Plannings/text_size",
            "textAlign": "center"
          },
          "text": "Dimanche"
        },
        "type": "ia.display.label"
      },
      {
        "meta": {
          "name": "EmbeddedView_hours"
        },
        "position": {
          "height": 0.7217,
          "width": 0.0887,
          "x": 0.01,
          "y": 0.2444
        },
        "props": {
          "params": {
            "Vue_impair": false,
            "Vue_trait": false
          },
          "path": "Utils/Plannings/Hours_embed",
          "style": {
            "backgroundColor": "#FCFCFC",
            "borderBottomLeftRadius": 5,
            "borderBottomRightRadius": 5,
            "borderTopLeftRadius": 5,
            "borderTopRightRadius": 5,
            "classes": "Plannings/text_size"
          }
        },
        "type": "ia.display.view"
      },
      {
        "events": {
          "dom": {
            "onClick": {
              "config": {
                "script": "\tdate_deb \u003d self.custom.date_deb\n\tdate_fin \u003d self.custom.date_fin\n\tif date_deb is None or date_fin is None:\n\t\tdate_deb \u003d self.custom.date\n\t\tdate_fin \u003d self.custom.date\n\t\t\n\tAcces\u003dFalse\n\ttry:\n\t\tfor Liste in self.session.props.auth.user.roles:\n\t\t\tif Liste in self.view.params.Acces or Liste\u003d\u003d\"Administrateur\":\n\t\t\t\tAcces\u003dTrue\n\texcept:\n\t\tpass\n\t\t\n\tif self.view.params.Security\u003d\u003dFalse or Acces\u003d\u003dTrue:\n\t\tsystem.perspective.openPopup(\n\t\t\t\u0027uJUhJcOb\u0027,\n\t\t\t\u0027Utils/Plannings/Popup_Edition\u0027,\n\t\t\tparams \u003d {\n\t\t\t\t\u0027database\u0027: self.view.params.database,\n\t\t\t\t\u0027date_deb\u0027: date_deb,\n\t\t\t\t\u0027date_fin\u0027: date_fin,\n\t\t\t\t\u0027equipement\u0027: self.getSibling(\"Dropdown_equipements\").props.value,\n\t\t\t\t\u0027groupe\u0027: self.getSibling(\"Dropdown_groupe\").props.value,\n\t\t\t\t\u0027site\u0027: self.view.params.site,\n\t\t\t\t\u0027num_jour\u0027: 0,\n\t\t\t\t},\n\t\t\ttitle \u003d u\u0027Gestion des dérogations\u0027,\n\t\t\tshowCloseIcon \u003d True,\n\t\t\tresizable \u003d True,\n\t\t\tmodal \u003d True\n\t\t)\n\t\t\t\n"
              },
              "scope": "G",
              "type": "script"
            }
          }
        },
        "meta": {
          "name": "EmbeddedView_lundi"
        },
        "position": {
          "height": 0.7217,
          "width": 0.1248,
          "x": 0.0996,
          "y": 0.2444
        },
        "propConfig": {
          "custom.date": {
            "binding": {
              "config": {
                "expression": "{../label_lundi_0.props.text}"
              },
              "type": "expr"
            }
          },
          "custom.date_deb": {
            "binding": {
              "config": {
                "expression": "runScript(\r\n\t\"Planning.Perspective.Exceptions.get_exception_plages_for_annuel\",\r\n\t1000,\r\n\t{view.params.database},\r\n\t{view.params.site},\r\n\t{../Dropdown_groupe.props.value},\r\n\t{../Dropdown_equipements.props.value},\r\n\t{../label_lundi_0.props.text}\r\n)[1]"
              },
              "type": "expr"
            }
          },
          "custom.date_fin": {
            "binding": {
              "config": {
                "expression": "runScript(\r\n\t\"Planning.Perspective.Exceptions.get_exception_plages_for_annuel\",\r\n\t1000,\r\n\t{view.params.database},\r\n\t{view.params.site},\r\n\t{../Dropdown_groupe.props.value},\r\n\t{../Dropdown_equipements.props.value},\r\n\t{../label_lundi_0.props.text}\r\n)[2]"
              },
              "type": "expr"
            }
          },
          "props.params.dataset": {
            "binding": {
              "config": {
                "expression": "if(\r\n\tisNull(\r\n\t\trunScript(\r\n\t\t\t\"Planning.Perspective.Exceptions.get_exception_plages_for_annuel\",\r\n\t\t\t1000,\r\n\t\t\t{view.params.database},\r\n\t\t\t{view.params.site},\r\n\t\t\t{../Dropdown_groupe.props.value},\r\n\t\t\t{../Dropdown_equipements.props.value},\r\n\t\t\t{../label_lundi_0.props.text}\r\n\t\t)[1]\r\n\t),\r\n\t\r\n\trunScript(\r\n\t\t\"Planning.Perspective.Hebdo.get_hebdo_hours\",\r\n\t\t1000,\r\n\t\t{view.params.database},\r\n\t\t{view.params.site},\r\n\t\t{../Dropdown_groupe.props.value},\r\n\t\t{../Dropdown_equipements.props.value},\r\n\t\t1\r\n\t),\r\n\t\r\n\trunScript(\r\n\t\t\"Planning.Perspective.Exceptions.get_exception_plages_for_annuel\",\r\n\t\t1000,\r\n\t\t{view.params.database},\r\n\t\t{view.params.site},\r\n\t\t{../Dropdown_groupe.props.value},\r\n\t\t{../Dropdown_equipements.props.value},\r\n\t\t{../label_lundi_0.props.text}\r\n\t)[0]\r\n)"
              },
              "type": "expr"
            }
          }
        },
        "props": {
          "path": "Utils/Plannings/Day_embed",
          "style": {
            "cursor": "pointer"
          }
        },
        "type": "ia.display.view"
      },
      {
        "events": {
          "dom": {
            "onClick": {
              "config": {
                "script": "\tdate_deb \u003d self.custom.date_deb\n\tdate_fin \u003d self.custom.date_fin\n\tif date_deb is None or date_fin is None:\n\t\tdate_deb \u003d self.custom.date\n\t\tdate_fin \u003d self.custom.date\n\t\t\n\tAcces\u003dFalse\n\ttry:\n\t\tfor Liste in self.session.props.auth.user.roles:\n\t\t\tif Liste in self.view.params.Acces or Liste\u003d\u003d\"Administrateur\":\n\t\t\t\tAcces\u003dTrue\n\texcept:\n\t\tpass\n\t\t\n\tif self.view.params.Security\u003d\u003dFalse or Acces\u003d\u003dTrue:\n\t\tsystem.perspective.openPopup(\n\t\t\t\u0027uJUhJcOb\u0027,\n\t\t\t\u0027Utils/Plannings/Popup_Edition\u0027,\n\t\t\tparams \u003d {\n\t\t\t\t\u0027database\u0027: self.view.params.database,\n\t\t\t\t\u0027date_deb\u0027: date_deb,\n\t\t\t\t\u0027date_fin\u0027: date_fin,\n\t\t\t\t\u0027equipement\u0027: self.getSibling(\"Dropdown_equipements\").props.value,\n\t\t\t\t\u0027groupe\u0027: self.getSibling(\"Dropdown_groupe\").props.value,\n\t\t\t\t\u0027site\u0027: self.view.params.site,\n\t\t\t\t\u0027num_jour\u0027: 0,\n\t\t\t\t},\n\t\t\ttitle \u003d u\u0027Gestion des dérogations\u0027,\n\t\t\tshowCloseIcon \u003d True,\n\t\t\tresizable \u003d True,\n\t\t\tmodal \u003d True\n\t\t)\n\t\t\t\n"
              },
              "scope": "G",
              "type": "script"
            }
          }
        },
        "meta": {
          "name": "EmbeddedView_mardi"
        },
        "position": {
          "height": 0.7217,
          "width": 0.1232,
          "x": 0.2254,
          "y": 0.2444
        },
        "propConfig": {
          "custom.date": {
            "binding": {
              "config": {
                "expression": "{../label_mardi_0.props.text}"
              },
              "type": "expr"
            }
          },
          "custom.date_deb": {
            "binding": {
              "config": {
                "expression": "runScript(\r\n\t\"Planning.Perspective.Exceptions.get_exception_plages_for_annuel\",\r\n\t1000,\r\n\t{view.params.database},\r\n\t{view.params.site},\r\n\t{../Dropdown_groupe.props.value},\r\n\t{../Dropdown_equipements.props.value},\r\n\t{../label_mardi_0.props.text}\r\n)[1]"
              },
              "type": "expr"
            }
          },
          "custom.date_fin": {
            "binding": {
              "config": {
                "expression": "runScript(\r\n\t\"Planning.Perspective.Exceptions.get_exception_plages_for_annuel\",\r\n\t1000,\r\n\t{view.params.database},\r\n\t{view.params.site},\r\n\t{../Dropdown_groupe.props.value},\r\n\t{../Dropdown_equipements.props.value},\r\n\t{../label_mardi_0.props.text}\r\n)[2]"
              },
              "type": "expr"
            }
          },
          "props.params.dataset": {
            "binding": {
              "config": {
                "expression": "if(\r\n\tisNull(\r\n\t\trunScript(\r\n\t\t\t\"Planning.Perspective.Exceptions.get_exception_plages_for_annuel\",\r\n\t\t\t1000,\r\n\t\t\t{view.params.database},\r\n\t\t\t{view.params.site},\r\n\t\t\t{../Dropdown_groupe.props.value},\r\n\t\t\t{../Dropdown_equipements.props.value},\r\n\t\t\t{../label_mardi_0.props.text}\r\n\t\t)[1]\r\n\t),\r\n\t\r\n\trunScript(\r\n\t\t\"Planning.Perspective.Hebdo.get_hebdo_hours\",\r\n\t\t1000,\r\n\t\t{view.params.database},\r\n\t\t{view.params.site},\r\n\t\t{../Dropdown_groupe.props.value},\r\n\t\t{../Dropdown_equipements.props.value},\r\n\t\t2\r\n\t),\r\n\t\r\n\trunScript(\r\n\t\t\"Planning.Perspective.Exceptions.get_exception_plages_for_annuel\",\r\n\t\t1000,\r\n\t\t{view.params.database},\r\n\t\t{view.params.site},\r\n\t\t{../Dropdown_groupe.props.value},\r\n\t\t{../Dropdown_equipements.props.value},\r\n\t\t{../label_mardi_0.props.text}\r\n\t)[0]\r\n)"
              },
              "type": "expr"
            }
          }
        },
        "props": {
          "path": "Utils/Plannings/Day_embed",
          "style": {
            "cursor": "pointer"
          }
        },
        "type": "ia.display.view"
      },
      {
        "events": {
          "dom": {
            "onClick": {
              "config": {
                "script": "\tdate_deb \u003d self.custom.date_deb\n\tdate_fin \u003d self.custom.date_fin\n\tif date_deb is None or date_fin is None:\n\t\tdate_deb \u003d self.custom.date\n\t\tdate_fin \u003d self.custom.date\n\t\t\n\tAcces\u003dFalse\n\ttry:\n\t\tfor Liste in self.session.props.auth.user.roles:\n\t\t\tif Liste in self.view.params.Acces or Liste\u003d\u003d\"Administrateur\":\n\t\t\t\tAcces\u003dTrue\n\texcept:\n\t\tpass\n\t\t\n\tif self.view.params.Security\u003d\u003dFalse or Acces\u003d\u003dTrue:\n\t\tsystem.perspective.openPopup(\n\t\t\t\u0027uJUhJcOb\u0027,\n\t\t\t\u0027Utils/Plannings/Popup_Edition\u0027,\n\t\t\tparams \u003d {\n\t\t\t\t\u0027database\u0027: self.view.params.database,\n\t\t\t\t\u0027date_deb\u0027: date_deb,\n\t\t\t\t\u0027date_fin\u0027: date_fin,\n\t\t\t\t\u0027equipement\u0027: self.getSibling(\"Dropdown_equipements\").props.value,\n\t\t\t\t\u0027groupe\u0027: self.getSibling(\"Dropdown_groupe\").props.value,\n\t\t\t\t\u0027site\u0027: self.view.params.site,\n\t\t\t\t\u0027num_jour\u0027: 0,\n\t\t\t\t},\n\t\t\ttitle \u003d u\u0027Gestion des dérogations\u0027,\n\t\t\tshowCloseIcon \u003d True,\n\t\t\tresizable \u003d True,\n\t\t\tmodal \u003d True\n\t\t)\n\t\t\t\n"
              },
              "scope": "G",
              "type": "script"
            }
          }
        },
        "meta": {
          "name": "EmbeddedView_mercredi"
        },
        "position": {
          "height": 0.7217,
          "width": 0.1248,
          "x": 0.3485,
          "y": 0.2444
        },
        "propConfig": {
          "custom.date": {
            "binding": {
              "config": {
                "expression": "{../label_mercredi_0.props.text}"
              },
              "type": "expr"
            }
          },
          "custom.date_deb": {
            "binding": {
              "config": {
                "expression": "runScript(\r\n\t\"Planning.Perspective.Exceptions.get_exception_plages_for_annuel\",\r\n\t1000,\r\n\t{view.params.database},\r\n\t{view.params.site},\r\n\t{../Dropdown_groupe.props.value},\r\n\t{../Dropdown_equipements.props.value},\r\n\t{../label_mercredi_0.props.text}\r\n)[1]"
              },
              "type": "expr"
            }
          },
          "custom.date_fin": {
            "binding": {
              "config": {
                "expression": "runScript(\r\n\t\"Planning.Perspective.Exceptions.get_exception_plages_for_annuel\",\r\n\t1000,\r\n\t{view.params.database},\r\n\t{view.params.site},\r\n\t{../Dropdown_groupe.props.value},\r\n\t{../Dropdown_equipements.props.value},\r\n\t{../label_mercredi_0.props.text}\r\n)[2]"
              },
              "type": "expr"
            }
          },
          "props.params.dataset": {
            "binding": {
              "config": {
                "expression": "if(\r\n\tisNull(\r\n\t\trunScript(\r\n\t\t\t\"Planning.Perspective.Exceptions.get_exception_plages_for_annuel\",\r\n\t\t\t1000,\r\n\t\t\t{view.params.database},\r\n\t\t\t{view.params.site},\r\n\t\t\t{../Dropdown_groupe.props.value},\r\n\t\t\t{../Dropdown_equipements.props.value},\r\n\t\t\t{../label_mercredi_0.props.text}\r\n\t\t)[1]\r\n\t),\r\n\t\r\n\trunScript(\r\n\t\t\"Planning.Perspective.Hebdo.get_hebdo_hours\",\r\n\t\t1000,\r\n\t\t{view.params.database},\r\n\t\t{view.params.site},\r\n\t\t{../Dropdown_groupe.props.value},\r\n\t\t{../Dropdown_equipements.props.value},\r\n\t\t3\r\n\t),\r\n\t\r\n\trunScript(\r\n\t\t\"Planning.Perspective.Exceptions.get_exception_plages_for_annuel\",\r\n\t\t1000,\r\n\t\t{view.params.database},\r\n\t\t{view.params.site},\r\n\t\t{../Dropdown_groupe.props.value},\r\n\t\t{../Dropdown_equipements.props.value},\r\n\t\t{../label_mercredi_0.props.text}\r\n\t)[0]\r\n)"
              },
              "type": "expr"
            }
          }
        },
        "props": {
          "path": "Utils/Plannings/Day_embed",
          "style": {
            "cursor": "pointer"
          }
        },
        "type": "ia.display.view"
      },
      {
        "events": {
          "dom": {
            "onClick": {
              "config": {
                "script": "\tdate_deb \u003d self.custom.date_deb\n\tdate_fin \u003d self.custom.date_fin\n\tif date_deb is None or date_fin is None:\n\t\tdate_deb \u003d self.custom.date\n\t\tdate_fin \u003d self.custom.date\n\t\t\n\tAcces\u003dFalse\n\ttry:\n\t\tfor Liste in self.session.props.auth.user.roles:\n\t\t\tif Liste in self.view.params.Acces or Liste\u003d\u003d\"Administrateur\":\n\t\t\t\tAcces\u003dTrue\n\texcept:\n\t\tpass\n\t\t\n\tif self.view.params.Security\u003d\u003dFalse or Acces\u003d\u003dTrue:\n\t\tsystem.perspective.openPopup(\n\t\t\t\u0027uJUhJcOb\u0027,\n\t\t\t\u0027Utils/Plannings/Popup_Edition\u0027,\n\t\t\tparams \u003d {\n\t\t\t\t\u0027database\u0027: self.view.params.database,\n\t\t\t\t\u0027date_deb\u0027: date_deb,\n\t\t\t\t\u0027date_fin\u0027: date_fin,\n\t\t\t\t\u0027equipement\u0027: self.getSibling(\"Dropdown_equipements\").props.value,\n\t\t\t\t\u0027groupe\u0027: self.getSibling(\"Dropdown_groupe\").props.value,\n\t\t\t\t\u0027site\u0027: self.view.params.site,\n\t\t\t\t\u0027num_jour\u0027: 0,\n\t\t\t\t},\n\t\t\ttitle \u003d u\u0027Gestion des dérogations\u0027,\n\t\t\tshowCloseIcon \u003d True,\n\t\t\tresizable \u003d True,\n\t\t\tmodal \u003d True\n\t\t)\n\t\t\t\n"
              },
              "scope": "G",
              "type": "script"
            }
          }
        },
        "meta": {
          "name": "EmbeddedView_jeudi"
        },
        "position": {
          "height": 0.7217,
          "width": 0.1248,
          "x": 0.473,
          "y": 0.2444
        },
        "propConfig": {
          "custom.date": {
            "binding": {
              "config": {
                "expression": "{../label_jeudi_0.props.text}"
              },
              "type": "expr"
            }
          },
          "custom.date_deb": {
            "binding": {
              "config": {
                "expression": "runScript(\r\n\t\"Planning.Perspective.Exceptions.get_exception_plages_for_annuel\",\r\n\t1000,\r\n\t{view.params.database},\r\n\t{view.params.site},\r\n\t{../Dropdown_groupe.props.value},\r\n\t{../Dropdown_equipements.props.value},\r\n\t{../label_jeudi_0.props.text}\r\n)[1]"
              },
              "type": "expr"
            }
          },
          "custom.date_fin": {
            "binding": {
              "config": {
                "expression": "runScript(\r\n\t\"Planning.Perspective.Exceptions.get_exception_plages_for_annuel\",\r\n\t1000,\r\n\t{view.params.database},\r\n\t{view.params.site},\r\n\t{../Dropdown_groupe.props.value},\r\n\t{../Dropdown_equipements.props.value},\r\n\t{../label_jeudi_0.props.text}\r\n)[2]"
              },
              "type": "expr"
            }
          },
          "props.params.dataset": {
            "binding": {
              "config": {
                "expression": "if(\r\n\tisNull(\r\n\t\trunScript(\r\n\t\t\t\"Planning.Perspective.Exceptions.get_exception_plages_for_annuel\",\r\n\t\t\t1000,\r\n\t\t\t{view.params.database},\r\n\t\t\t{view.params.site},\r\n\t\t\t{../Dropdown_groupe.props.value},\r\n\t\t\t{../Dropdown_equipements.props.value},\r\n\t\t\t{../label_jeudi_0.props.text}\r\n\t\t)[1]\r\n\t),\r\n\t\r\n\trunScript(\r\n\t\t\"Planning.Perspective.Hebdo.get_hebdo_hours\",\r\n\t\t1000,\r\n\t\t{view.params.database},\r\n\t\t{view.params.site},\r\n\t\t{../Dropdown_groupe.props.value},\r\n\t\t{../Dropdown_equipements.props.value},\r\n\t\t4\r\n\t),\r\n\t\r\n\trunScript(\r\n\t\t\"Planning.Perspective.Exceptions.get_exception_plages_for_annuel\",\r\n\t\t1000,\r\n\t\t{view.params.database},\r\n\t\t{view.params.site},\r\n\t\t{../Dropdown_groupe.props.value},\r\n\t\t{../Dropdown_equipements.props.value},\r\n\t\t{../label_jeudi_0.props.text}\r\n\t)[0]\r\n)"
              },
              "type": "expr"
            }
          }
        },
        "props": {
          "path": "Utils/Plannings/Day_embed",
          "style": {
            "cursor": "pointer"
          }
        },
        "type": "ia.display.view"
      },
      {
        "events": {
          "dom": {
            "onClick": {
              "config": {
                "script": "\tdate_deb \u003d self.custom.date_deb\n\tdate_fin \u003d self.custom.date_fin\n\tif date_deb is None or date_fin is None:\n\t\tdate_deb \u003d self.custom.date\n\t\tdate_fin \u003d self.custom.date\n\t\t\n\tAcces\u003dFalse\n\ttry:\n\t\tfor Liste in self.session.props.auth.user.roles:\n\t\t\tif Liste in self.view.params.Acces or Liste\u003d\u003d\"Administrateur\":\n\t\t\t\tAcces\u003dTrue\n\texcept:\n\t\tpass\n\t\t\n\tif self.view.params.Security\u003d\u003dFalse or Acces\u003d\u003dTrue:\n\t\tsystem.perspective.openPopup(\n\t\t\t\u0027uJUhJcOb\u0027,\n\t\t\t\u0027Utils/Plannings/Popup_Edition\u0027,\n\t\t\tparams \u003d {\n\t\t\t\t\u0027database\u0027: self.view.params.database,\n\t\t\t\t\u0027date_deb\u0027: date_deb,\n\t\t\t\t\u0027date_fin\u0027: date_fin,\n\t\t\t\t\u0027equipement\u0027: self.getSibling(\"Dropdown_equipements\").props.value,\n\t\t\t\t\u0027groupe\u0027: self.getSibling(\"Dropdown_groupe\").props.value,\n\t\t\t\t\u0027site\u0027: self.view.params.site,\n\t\t\t\t\u0027num_jour\u0027: 0,\n\t\t\t\t},\n\t\t\ttitle \u003d u\u0027Gestion des dérogations\u0027,\n\t\t\tshowCloseIcon \u003d True,\n\t\t\tresizable \u003d True,\n\t\t\tmodal \u003d True\n\t\t)\n\t\t\t\n"
              },
              "scope": "G",
              "type": "script"
            }
          }
        },
        "meta": {
          "name": "EmbeddedView_vendredi"
        },
        "position": {
          "height": 0.7217,
          "width": 0.1248,
          "x": 0.5975,
          "y": 0.2444
        },
        "propConfig": {
          "custom.date": {
            "binding": {
              "config": {
                "expression": "{../label_vendredi_0.props.text}"
              },
              "type": "expr"
            }
          },
          "custom.date_deb": {
            "binding": {
              "config": {
                "expression": "runScript(\r\n\t\"Planning.Perspective.Exceptions.get_exception_plages_for_annuel\",\r\n\t1000,\r\n\t{view.params.database},\r\n\t{view.params.site},\r\n\t{../Dropdown_groupe.props.value},\r\n\t{../Dropdown_equipements.props.value},\r\n\t{../label_vendredi_0.props.text}\r\n)[1]"
              },
              "type": "expr"
            }
          },
          "custom.date_fin": {
            "binding": {
              "config": {
                "expression": "runScript(\r\n\t\"Planning.Perspective.Exceptions.get_exception_plages_for_annuel\",\r\n\t1000,\r\n\t{view.params.database},\r\n\t{view.params.site},\r\n\t{../Dropdown_groupe.props.value},\r\n\t{../Dropdown_equipements.props.value},\r\n\t{../label_vendredi_0.props.text}\r\n)[2]"
              },
              "type": "expr"
            }
          },
          "props.params.dataset": {
            "binding": {
              "config": {
                "expression": "if(\r\n\tisNull(\r\n\t\trunScript(\r\n\t\t\t\"Planning.Perspective.Exceptions.get_exception_plages_for_annuel\",\r\n\t\t\t1000,\r\n\t\t\t{view.params.database},\r\n\t\t\t{view.params.site},\r\n\t\t\t{../Dropdown_groupe.props.value},\r\n\t\t\t{../Dropdown_equipements.props.value},\r\n\t\t\t{../label_vendredi_0.props.text}\r\n\t\t)[1]\r\n\t),\r\n\t\r\n\trunScript(\r\n\t\t\"Planning.Perspective.Hebdo.get_hebdo_hours\",\r\n\t\t1000,\r\n\t\t{view.params.database},\r\n\t\t{view.params.site},\r\n\t\t{../Dropdown_groupe.props.value},\r\n\t\t{../Dropdown_equipements.props.value},\r\n\t\t5\r\n\t),\r\n\t\r\n\trunScript(\r\n\t\t\"Planning.Perspective.Exceptions.get_exception_plages_for_annuel\",\r\n\t\t1000,\r\n\t\t{view.params.database},\r\n\t\t{view.params.site},\r\n\t\t{../Dropdown_groupe.props.value},\r\n\t\t{../Dropdown_equipements.props.value},\r\n\t\t{../label_vendredi_0.props.text}\r\n\t)[0]\r\n)"
              },
              "type": "expr"
            }
          }
        },
        "props": {
          "path": "Utils/Plannings/Day_embed",
          "style": {
            "cursor": "pointer"
          }
        },
        "type": "ia.display.view"
      },
      {
        "events": {
          "dom": {
            "onClick": {
              "config": {
                "script": "\tdate_deb \u003d self.custom.date_deb\n\tdate_fin \u003d self.custom.date_fin\n\tif date_deb is None or date_fin is None:\n\t\tdate_deb \u003d self.custom.date\n\t\tdate_fin \u003d self.custom.date\n\t\t\n\tAcces\u003dFalse\n\ttry:\n\t\tfor Liste in self.session.props.auth.user.roles:\n\t\t\tif Liste in self.view.params.Acces or Liste\u003d\u003d\"Administrateur\":\n\t\t\t\tAcces\u003dTrue\n\texcept:\n\t\tpass\n\t\t\n\tif self.view.params.Security\u003d\u003dFalse or Acces\u003d\u003dTrue:\n\t\tsystem.perspective.openPopup(\n\t\t\t\u0027uJUhJcOb\u0027,\n\t\t\t\u0027Utils/Plannings/Popup_Edition\u0027,\n\t\t\tparams \u003d {\n\t\t\t\t\u0027database\u0027: self.view.params.database,\n\t\t\t\t\u0027date_deb\u0027: date_deb,\n\t\t\t\t\u0027date_fin\u0027: date_fin,\n\t\t\t\t\u0027equipement\u0027: self.getSibling(\"Dropdown_equipements\").props.value,\n\t\t\t\t\u0027groupe\u0027: self.getSibling(\"Dropdown_groupe\").props.value,\n\t\t\t\t\u0027site\u0027: self.view.params.site,\n\t\t\t\t\u0027num_jour\u0027: 0,\n\t\t\t\t},\n\t\t\ttitle \u003d u\u0027Gestion des dérogations\u0027,\n\t\t\tshowCloseIcon \u003d True,\n\t\t\tresizable \u003d True,\n\t\t\tmodal \u003d True\n\t\t)\n\t\t\t\n"
              },
              "scope": "G",
              "type": "script"
            }
          }
        },
        "meta": {
          "name": "EmbeddedView_samedi"
        },
        "position": {
          "height": 0.7217,
          "width": 0.1232,
          "x": 0.722,
          "y": 0.2444
        },
        "propConfig": {
          "custom.date": {
            "binding": {
              "config": {
                "expression": "{../label_samedi_0.props.text}"
              },
              "type": "expr"
            }
          },
          "custom.date_deb": {
            "binding": {
              "config": {
                "expression": "runScript(\r\n\t\"Planning.Perspective.Exceptions.get_exception_plages_for_annuel\",\r\n\t1000,\r\n\t{view.params.database},\r\n\t{view.params.site},\r\n\t{../Dropdown_groupe.props.value},\r\n\t{../Dropdown_equipements.props.value},\r\n\t{../label_samedi_0.props.text}\r\n)[1]"
              },
              "type": "expr"
            }
          },
          "custom.date_fin": {
            "binding": {
              "config": {
                "expression": "runScript(\r\n\t\"Planning.Perspective.Exceptions.get_exception_plages_for_annuel\",\r\n\t1000,\r\n\t{view.params.database},\r\n\t{view.params.site},\r\n\t{../Dropdown_groupe.props.value},\r\n\t{../Dropdown_equipements.props.value},\r\n\t{../label_samedi_0.props.text}\r\n)[2]"
              },
              "type": "expr"
            }
          },
          "props.params.dataset": {
            "binding": {
              "config": {
                "expression": "if(\r\n\tisNull(\r\n\t\trunScript(\r\n\t\t\t\"Planning.Perspective.Exceptions.get_exception_plages_for_annuel\",\r\n\t\t\t1000,\r\n\t\t\t{view.params.database},\r\n\t\t\t{view.params.site},\r\n\t\t\t{../Dropdown_groupe.props.value},\r\n\t\t\t{../Dropdown_equipements.props.value},\r\n\t\t\t{../label_samedi_0.props.text}\r\n\t\t)[1]\r\n\t),\r\n\t\r\n\trunScript(\r\n\t\t\"Planning.Perspective.Hebdo.get_hebdo_hours\",\r\n\t\t1000,\r\n\t\t{view.params.database},\r\n\t\t{view.params.site},\r\n\t\t{../Dropdown_groupe.props.value},\r\n\t\t{../Dropdown_equipements.props.value},\r\n\t\t6\r\n\t),\r\n\t\r\n\trunScript(\r\n\t\t\"Planning.Perspective.Exceptions.get_exception_plages_for_annuel\",\r\n\t\t1000,\r\n\t\t{view.params.database},\r\n\t\t{view.params.site},\r\n\t\t{../Dropdown_groupe.props.value},\r\n\t\t{../Dropdown_equipements.props.value},\r\n\t\t{../label_samedi_0.props.text}\r\n\t)[0]\r\n)"
              },
              "type": "expr"
            }
          }
        },
        "props": {
          "path": "Utils/Plannings/Day_embed",
          "style": {
            "cursor": "pointer"
          }
        },
        "type": "ia.display.view"
      },
      {
        "events": {
          "dom": {
            "onClick": {
              "config": {
                "script": "\tdate_deb \u003d self.custom.date_deb\n\tdate_fin \u003d self.custom.date_fin\n\tif date_deb is None or date_fin is None:\n\t\tdate_deb \u003d self.custom.date\n\t\tdate_fin \u003d self.custom.date\n\t\t\n\tAcces\u003dFalse\n\ttry:\n\t\tfor Liste in self.session.props.auth.user.roles:\n\t\t\tif Liste in self.view.params.Acces or Liste\u003d\u003d\"Administrateur\":\n\t\t\t\tAcces\u003dTrue\n\texcept:\n\t\tpass\n\t\t\n\tif self.view.params.Security\u003d\u003dFalse or Acces\u003d\u003dTrue:\n\t\tsystem.perspective.openPopup(\n\t\t\t\u0027uJUhJcOb\u0027,\n\t\t\t\u0027Utils/Plannings/Popup_Edition\u0027,\n\t\t\tparams \u003d {\n\t\t\t\t\u0027database\u0027: self.view.params.database,\n\t\t\t\t\u0027date_deb\u0027: date_deb,\n\t\t\t\t\u0027date_fin\u0027: date_fin,\n\t\t\t\t\u0027equipement\u0027: self.getSibling(\"Dropdown_equipements\").props.value,\n\t\t\t\t\u0027groupe\u0027: self.getSibling(\"Dropdown_groupe\").props.value,\n\t\t\t\t\u0027site\u0027: self.view.params.site,\n\t\t\t\t\u0027num_jour\u0027: 0,\n\t\t\t\t},\n\t\t\ttitle \u003d u\u0027Gestion des dérogations\u0027,\n\t\t\tshowCloseIcon \u003d True,\n\t\t\tresizable \u003d True,\n\t\t\tmodal \u003d True\n\t\t)\n\t\t\t\n"
              },
              "scope": "G",
              "type": "script"
            }
          }
        },
        "meta": {
          "name": "EmbeddedView_dimanche"
        },
        "position": {
          "height": 0.7217,
          "width": 0.1248,
          "x": 0.8465,
          "y": 0.2444
        },
        "propConfig": {
          "custom.date": {
            "binding": {
              "config": {
                "expression": "{../label_dimanche_0.props.text}"
              },
              "type": "expr"
            }
          },
          "custom.date_deb": {
            "binding": {
              "config": {
                "expression": "runScript(\r\n\t\"Planning.Perspective.Exceptions.get_exception_plages_for_annuel\",\r\n\t1000,\r\n\t{view.params.database},\r\n\t{view.params.site},\r\n\t{../Dropdown_groupe.props.value},\r\n\t{../Dropdown_equipements.props.value},\r\n\t{../label_dimanche_0.props.text}\r\n)[1]"
              },
              "type": "expr"
            }
          },
          "custom.date_fin": {
            "binding": {
              "config": {
                "expression": "runScript(\r\n\t\"Planning.Perspective.Exceptions.get_exception_plages_for_annuel\",\r\n\t1000,\r\n\t{view.params.database},\r\n\t{view.params.site},\r\n\t{../Dropdown_groupe.props.value},\r\n\t{../Dropdown_equipements.props.value},\r\n\t{../label_dimanche_0.props.text}\r\n)[2]"
              },
              "type": "expr"
            }
          },
          "props.params.dataset": {
            "binding": {
              "config": {
                "expression": "if(\r\n\tisNull(\r\n\t\trunScript(\r\n\t\t\t\"Planning.Perspective.Exceptions.get_exception_plages_for_annuel\",\r\n\t\t\t1000,\r\n\t\t\t{view.params.database},\r\n\t\t\t{view.params.site},\r\n\t\t\t{../Dropdown_groupe.props.value},\r\n\t\t\t{../Dropdown_equipements.props.value},\r\n\t\t\t{../label_dimanche_0.props.text}\r\n\t\t)[1]\r\n\t),\r\n\t\r\n\trunScript(\r\n\t\t\"Planning.Perspective.Hebdo.get_hebdo_hours\",\r\n\t\t1000,\r\n\t\t{view.params.database},\r\n\t\t{view.params.site},\r\n\t\t{../Dropdown_groupe.props.value},\r\n\t\t{../Dropdown_equipements.props.value},\r\n\t\t7\r\n\t),\r\n\t\r\n\trunScript(\r\n\t\t\"Planning.Perspective.Exceptions.get_exception_plages_for_annuel\",\r\n\t\t1000,\r\n\t\t{view.params.database},\r\n\t\t{view.params.site},\r\n\t\t{../Dropdown_groupe.props.value},\r\n\t\t{../Dropdown_equipements.props.value},\r\n\t\t{../label_dimanche_0.props.text}\r\n\t)[0]\r\n)"
              },
              "type": "expr"
            }
          }
        },
        "props": {
          "path": "Utils/Plannings/Day_embed",
          "style": {
            "cursor": "pointer"
          }
        },
        "type": "ia.display.view"
      },
      {
        "custom": {
          "key": "1"
        },
        "meta": {
          "name": "DateTimeInput"
        },
        "position": {
          "height": 0.0283,
          "width": 0.1212,
          "x": 0.8039,
          "y": 0.058
        },
        "propConfig": {
          "props.value": {
            "binding": {
              "config": {
                "expression": "now(0)"
              },
              "type": "expr"
            },
            "onChange": {
              "enabled": null,
              "script": "\tdate \u003d self.props.value\n\twhile system.date.format(date, \u0027u\u0027) !\u003d \u00271\u0027:\n\t\tdate \u003d system.date.addDays(date, -1)\n\tself.props.value \u003d date"
            }
          }
        },
        "props": {
          "format": "DD MMM YYYY",
          "formattedValue": "24 janv. 2022",
          "locale": "fr",
          "pickerType": "date",
          "placeholder": "Choisir un lundi"
        },
        "type": "ia.input.date-time-input"
      },
      {
        "meta": {
          "name": "label_lundi_0"
        },
        "position": {
          "height": 0.0417,
          "width": 0.1248,
          "x": 0.0996,
          "y": 0.19
        },
        "propConfig": {
          "props.text": {
            "binding": {
              "config": {
                "expression": "dateFormat({../DateTimeInput.props.value},\u0027yyyy-MM-dd\u0027)"
              },
              "type": "expr"
            }
          }
        },
        "props": {
          "style": {
            "classes": "Plannings/text_size",
            "textAlign": "center"
          }
        },
        "type": "ia.display.label"
      },
      {
        "meta": {
          "name": "label_mardi_0"
        },
        "position": {
          "height": 0.0417,
          "width": 0.1225,
          "x": 0.2255,
          "y": 0.19
        },
        "propConfig": {
          "props.text": {
            "binding": {
              "config": {
                "expression": "dateFormat(addDays({../DateTimeInput.props.value},1),\u0027yyyy-MM-dd\u0027)"
              },
              "type": "expr"
            }
          }
        },
        "props": {
          "style": {
            "classes": "Plannings/text_size",
            "textAlign": "center"
          }
        },
        "type": "ia.display.label"
      },
      {
        "meta": {
          "name": "label_mercredi_0"
        },
        "position": {
          "height": 0.0417,
          "width": 0.1248,
          "x": 0.3515,
          "y": 0.19
        },
        "propConfig": {
          "props.text": {
            "binding": {
              "config": {
                "expression": "dateFormat(addDays({../DateTimeInput.props.value},2),\u0027yyyy-MM-dd\u0027)"
              },
              "type": "expr"
            }
          }
        },
        "props": {
          "style": {
            "classes": "Plannings/text_size",
            "textAlign": "center"
          }
        },
        "type": "ia.display.label"
      },
      {
        "meta": {
          "name": "label_jeudi_0"
        },
        "position": {
          "height": 0.0417,
          "width": 0.1248,
          "x": 0.4749,
          "y": 0.19
        },
        "propConfig": {
          "props.text": {
            "binding": {
              "config": {
                "expression": "dateFormat(addDays({../DateTimeInput.props.value},3),\u0027yyyy-MM-dd\u0027)"
              },
              "type": "expr"
            }
          }
        },
        "props": {
          "style": {
            "classes": "Plannings/text_size",
            "textAlign": "center"
          }
        },
        "type": "ia.display.label"
      },
      {
        "meta": {
          "name": "label_vendredi_0"
        },
        "position": {
          "height": 0.0417,
          "width": 0.125,
          "x": 0.6009,
          "y": 0.19
        },
        "propConfig": {
          "props.text": {
            "binding": {
              "config": {
                "expression": "dateFormat(addDays({../DateTimeInput.props.value},4),\u0027yyyy-MM-dd\u0027)"
              },
              "type": "expr"
            }
          }
        },
        "props": {
          "style": {
            "classes": "Plannings/text_size",
            "textAlign": "center"
          }
        },
        "type": "ia.display.label"
      },
      {
        "meta": {
          "name": "label_samedi_0"
        },
        "position": {
          "height": 0.0417,
          "width": 0.1248,
          "x": 0.7217,
          "y": 0.19
        },
        "propConfig": {
          "props.text": {
            "binding": {
              "config": {
                "expression": "dateFormat(addDays({../DateTimeInput.props.value},5),\u0027yyyy-MM-dd\u0027)"
              },
              "type": "expr"
            }
          }
        },
        "props": {
          "style": {
            "classes": "Plannings/text_size",
            "textAlign": "center"
          }
        },
        "type": "ia.display.label"
      },
      {
        "meta": {
          "name": "label_dimanche_0"
        },
        "position": {
          "height": 0.0417,
          "width": 0.1248,
          "x": 0.849,
          "y": 0.19
        },
        "propConfig": {
          "props.text": {
            "binding": {
              "config": {
                "expression": "dateFormat(addDays({../DateTimeInput.props.value},6),\u0027yyyy-MM-dd\u0027)"
              },
              "type": "expr"
            }
          }
        },
        "props": {
          "style": {
            "classes": "Plannings/text_size",
            "textAlign": "center"
          }
        },
        "type": "ia.display.label"
      },
      {
        "meta": {
          "name": "label_equipement_0"
        },
        "position": {
          "height": 0.0367,
          "width": 0.2625,
          "x": 0.7325,
          "y": 0.0143
        },
        "props": {
          "style": {
            "classes": "Plannings/text_size",
            "textAlign": "center"
          },
          "text": "Selectionner votre semaine"
        },
        "type": "ia.display.label"
      }
    ],
    "meta": {
      "name": "root"
    },
    "position": {
      "x": 0.105,
      "y": 0.0083
    },
    "props": {
      "mode": "percent",
      "style": {
        "backgroundColor": "#E9EDF4"
      }
    },
    "type": "ia.container.coord"
  }
}